,Country,Region,Happiness Rank,Happiness Score,Economy (GDP per Capita),Family,Health (Life Expectancy),Freedom,Trust (Government Corruption),Generosity,Year
0,Switzerland,Western Europe,1,7.587,1.39651,1.34951,0.94143,0.66557,0.41978,0.29678,2015
1,Iceland,Western Europe,2,7.561,1.30232,1.40223,0.94784,0.62877,0.14145,0.4363,2015
2,Denmark,Western Europe,3,7.527,1.32548,1.36058,0.87464,0.64938,0.48357,0.34139,2015
3,Norway,Western Europe,4,7.522,1.459,1.33095,0.88521,0.66973,0.36503,0.34699,2015
4,Canada,North America,5,7.427,1.32629,1.32261,0.90563,0.63297,0.32957,0.45811,2015
5,Finland,Western Europe,6,7.406,1.29025,1.31826,0.88911,0.64169,0.41372,0.23351,2015
6,Netherlands,Western Europe,7,7.378,1.32944,1.28017,0.89284,0.61576,0.31814,0.4761,2015
7,Sweden,Western Europe,8,7.364,1.33171,1.28907,0.91087,0.6598,0.43844,0.36262,2015
8,New Zealand,Australia and New Zealand,9,7.286,1.25018,1.31967,0.90837,0.63938,0.42922,0.47501,2015
9,Australia,Australia and New Zealand,10,7.284,1.33358,1.30923,0.93156,0.65124,0.35637,0.43562,2015
10,Israel,Middle East and Northern Africa,11,7.278,1.22857,1.22393,0.91387,0.41319,0.07785,0.33172,2015
11,Costa Rica,Latin America and Caribbean,12,7.226,0.95578,1.23788,0.86027,0.63376,0.10583,0.25497,2015
12,Austria,Western Europe,13,7.2,1.33723,1.29704,0.89042,0.62433,0.18676,0.33088,2015
13,Mexico,Latin America and Caribbean,14,7.187,1.02054,0.91451,0.81444,0.48181,0.21312,0.14074,2015
14,United States,North America,15,7.119,1.39451,1.24711,0.86179,0.54604,0.1589,0.40105,2015
15,Brazil,Latin America and Caribbean,16,6.983,0.98124,1.23287,0.69702,0.49049,0.17521,0.14574,2015
16,Luxembourg,Western Europe,17,6.946,1.56391,1.21963,0.91894,0.61583,0.37798,0.28034,2015
17,Ireland,Western Europe,18,6.94,1.33596,1.36948,0.89533,0.61777,0.28703,0.45901,2015
18,Belgium,Western Europe,19,6.937,1.30782,1.28566,0.89667,0.5845,0.2254,0.2225,2015
19,United Arab Emirates,Middle East and Northern Africa,20,6.901,1.42727,1.12575,0.80925,0.64157,0.38583,0.26428,2015
20,United Kingdom,Western Europe,21,6.867,1.26637,1.28548,0.90943,0.59625,0.32067,0.51912,2015
21,Oman,Middle East and Northern Africa,22,6.853,1.36011,1.08182,0.76276,0.63274,0.32524,0.21542,2015
22,Venezuela,Latin America and Caribbean,23,6.81,1.04424,1.25596,0.72052,0.42908,0.11069,0.05841,2015
23,Singapore,Southeastern Asia,24,6.798,1.52186,1.02,1.02525,0.54252,0.4921,0.31105,2015
24,Panama,Latin America and Caribbean,25,6.786,1.06353,1.1985,0.79661,0.5421,0.0927,0.24434,2015
25,Germany,Western Europe,26,6.75,1.32792,1.29937,0.89186,0.61477,0.21843,0.28214,2015
26,Chile,Latin America and Caribbean,27,6.67,1.10715,1.12447,0.85857,0.44132,0.12869,0.33363,2015
27,Qatar,Middle East and Northern Africa,28,6.611,1.69042,1.0786,0.79733,0.6404,0.52208,0.32573,2015
28,France,Western Europe,29,6.575,1.27778,1.26038,0.94579,0.55011,0.20646,0.12332,2015
29,Argentina,Latin America and Caribbean,30,6.574,1.05351,1.24823,0.78723,0.44974,0.08484,0.11451,2015
30,Czech Republic,Central and Eastern Europe,31,6.505,1.17898,1.20643,0.84483,0.46364,0.02652,0.10686,2015
31,Uruguay,Latin America and Caribbean,32,6.485,1.06166,1.2089,0.8116,0.60362,0.24558,0.2324,2015
32,Colombia,Latin America and Caribbean,33,6.477,0.91861,1.24018,0.69077,0.53466,0.0512,0.18401,2015
33,Thailand,Southeastern Asia,34,6.455,0.9669,1.26504,0.7385,0.55664,0.03187,0.5763,2015
34,Saudi Arabia,Middle East and Northern Africa,35,6.411,1.39541,1.08393,0.72025,0.31048,0.32524,0.13706,2015
35,Spain,Western Europe,36,6.329,1.23011,1.31379,0.95562,0.45951,0.06398,0.18227,2015
36,Malta,Western Europe,37,6.302,1.2074,1.30203,0.88721,0.60365,0.13586,0.51752,2015
37,Taiwan,Eastern Asia,38,6.298,1.29098,1.07617,0.8753,0.3974,0.08129,0.25376,2015
38,Kuwait,Middle East and Northern Africa,39,6.295,1.55422,1.16594,0.72492,0.55499,0.25609,0.16228,2015
39,Suriname,Latin America and Caribbean,40,6.269,0.99534,0.972,0.6082,0.59657,0.13633,0.16991,2015
40,Trinidad and Tobago,Latin America and Caribbean,41,6.168,1.21183,1.18354,0.61483,0.55884,0.0114,0.31844,2015
41,El Salvador,Latin America and Caribbean,42,6.13,0.76454,1.02507,0.67737,0.4035,0.11776,0.10692,2015
42,Guatemala,Latin America and Caribbean,43,6.123,0.74553,1.04356,0.64425,0.57733,0.09472,0.27489,2015
43,Uzbekistan,Central and Eastern Europe,44,6.003,0.63244,1.34043,0.59772,0.65821,0.30826,0.22837,2015
44,Slovakia,Central and Eastern Europe,45,5.995,1.16891,1.26999,0.78902,0.31751,0.03431,0.16893,2015
45,Japan,Eastern Asia,46,5.987,1.27074,1.25712,0.99111,0.49615,0.1806,0.10705,2015
46,South Korea,Eastern Asia,47,5.984,1.24461,0.95774,0.96538,0.33208,0.07857,0.18557,2015
47,Ecuador,Latin America and Caribbean,48,5.975,0.86402,0.99903,0.79075,0.48574,0.1809,0.11541,2015
48,Bahrain,Middle East and Northern Africa,49,5.96,1.32376,1.21624,0.74716,0.45492,0.306,0.17362,2015
49,Italy,Western Europe,50,5.948,1.25114,1.19777,0.95446,0.26236,0.02901,0.22823,2015
50,Bolivia,Latin America and Caribbean,51,5.89,0.68133,0.97841,0.5392,0.57414,0.088,0.20536,2015
51,Moldova,Central and Eastern Europe,52,5.889,0.59448,1.01528,0.61826,0.32818,0.01615,0.20951,2015
52,Paraguay,Latin America and Caribbean,53,5.878,0.75985,1.30477,0.66098,0.53899,0.08242,0.3424,2015
53,Kazakhstan,Central and Eastern Europe,54,5.855,1.12254,1.12241,0.64368,0.51649,0.08454,0.11827,2015
54,Slovenia,Central and Eastern Europe,55,5.848,1.18498,1.27385,0.87337,0.60855,0.03787,0.25328,2015
55,Lithuania,Central and Eastern Europe,56,5.833,1.14723,1.25745,0.73128,0.21342,0.01031,0.02641,2015
56,Nicaragua,Latin America and Caribbean,57,5.828,0.59325,1.14184,0.74314,0.55475,0.19317,0.27815,2015
57,Peru,Latin America and Caribbean,58,5.824,0.90019,0.97459,0.73017,0.41496,0.05989,0.14982,2015
58,Belarus,Central and Eastern Europe,59,5.813,1.03192,1.23289,0.73608,0.37938,0.1909,0.11046,2015
59,Poland,Central and Eastern Europe,60,5.791,1.12555,1.27948,0.77903,0.53122,0.04212,0.16759,2015
60,Malaysia,Southeastern Asia,61,5.77,1.12486,1.07023,0.72394,0.53024,0.10501,0.33075,2015
61,Croatia,Central and Eastern Europe,62,5.759,1.08254,0.79624,0.78805,0.25883,0.0243,0.05444,2015
62,Libya,Middle East and Northern Africa,63,5.754,1.13145,1.11862,0.7038,0.41668,0.11023,0.18295,2015
63,Russia,Central and Eastern Europe,64,5.716,1.13764,1.23617,0.66926,0.36679,0.03005,0.00199,2015
64,Jamaica,Latin America and Caribbean,65,5.709,0.81038,1.15102,0.68741,0.50442,0.02299,0.2123,2015
65,North Cyprus,Western Europe,66,5.695,1.20806,1.07008,0.92356,0.49027,0.1428,0.26169,2015
66,Cyprus,Western Europe,67,5.689,1.20813,0.89318,0.92356,0.40672,0.06146,0.30638,2015
67,Algeria,Middle East and Northern Africa,68,5.605,0.93929,1.07772,0.61766,0.28579,0.17383,0.07822,2015
68,Kosovo,Central and Eastern Europe,69,5.589,0.80148,0.81198,0.63132,0.24749,0.04741,0.2831,2015
69,Turkmenistan,Central and Eastern Europe,70,5.548,0.95847,1.22668,0.53886,0.4761,0.30844,0.16979,2015
70,Mauritius,Sub-Saharan Africa,71,5.477,1.00761,0.98521,0.7095,0.56066,0.07521,0.37744,2015
71,Hong Kong,Eastern Asia,72,5.474,1.38604,1.05818,1.01328,0.59608,0.37124,0.39478,2015
72,Estonia,Central and Eastern Europe,73,5.429,1.15174,1.22791,0.77361,0.44888,0.15184,0.0868,2015
73,Indonesia,Southeastern Asia,74,5.399,0.82827,1.08708,0.63793,0.46611,0.0,0.51535,2015
74,Vietnam,Southeastern Asia,75,5.36,0.63216,0.91226,0.74676,0.59444,0.10441,0.1686,2015
75,Turkey,Middle East and Northern Africa,76,5.332,1.06098,0.94632,0.73172,0.22815,0.15746,0.12253,2015
76,Kyrgyzstan,Central and Eastern Europe,77,5.286,0.47428,1.15115,0.65088,0.43477,0.04232,0.3003,2015
77,Nigeria,Sub-Saharan Africa,78,5.268,0.65435,0.90432,0.16007,0.34334,0.0403,0.27233,2015
78,Bhutan,Southern Asia,79,5.253,0.77042,1.10395,0.57407,0.53206,0.15445,0.47998,2015
79,Azerbaijan,Central and Eastern Europe,80,5.212,1.02389,0.93793,0.64045,0.3703,0.16065,0.07799,2015
80,Pakistan,Southern Asia,81,5.194,0.59543,0.41411,0.51466,0.12102,0.10464,0.33671,2015
81,Jordan,Middle East and Northern Africa,82,5.192,0.90198,1.05392,0.69639,0.40661,0.14293,0.11053,2015
82,Montenegro,Central and Eastern Europe,82,5.192,0.97438,0.90557,0.72521,0.1826,0.14296,0.1614,2015
83,China,Eastern Asia,84,5.14,0.89012,0.94675,0.81658,0.51697,0.02781,0.08185,2015
84,Zambia,Sub-Saharan Africa,85,5.129,0.47038,0.91612,0.29924,0.48827,0.12468,0.19591,2015
85,Romania,Central and Eastern Europe,86,5.124,1.04345,0.88588,0.7689,0.35068,0.00649,0.13748,2015
86,Serbia,Central and Eastern Europe,87,5.123,0.92053,1.00964,0.74836,0.20107,0.02617,0.19231,2015
87,Portugal,Western Europe,88,5.102,1.15991,1.13935,0.87519,0.51469,0.01078,0.13719,2015
88,Latvia,Central and Eastern Europe,89,5.098,1.11312,1.09562,0.72437,0.29671,0.06332,0.18226,2015
89,Philippines,Southeastern Asia,90,5.073,0.70532,1.03516,0.58114,0.62545,0.12279,0.24991,2015
90,Somaliland region,Sub-Saharan Africa,91,5.057,0.18847,0.95152,0.43873,0.46582,0.39928,0.50318,2015
91,Morocco,Middle East and Northern Africa,92,5.013,0.73479,0.64095,0.60954,0.41691,0.08546,0.07172,2015
92,Macedonia,Central and Eastern Europe,93,5.007,0.91851,1.00232,0.73545,0.33457,0.05327,0.22359,2015
93,Mozambique,Sub-Saharan Africa,94,4.971,0.08308,1.02626,0.09131,0.34037,0.15603,0.22269,2015
94,Albania,Central and Eastern Europe,95,4.959,0.87867,0.80434,0.81325,0.35733,0.06413,0.14272,2015
95,Bosnia and Herzegovina,Central and Eastern Europe,96,4.949,0.83223,0.91916,0.79081,0.09245,0.00227,0.24808,2015
96,Lesotho,Sub-Saharan Africa,97,4.898,0.37545,1.04103,0.07612,0.31767,0.12504,0.16388,2015
97,Dominican Republic,Latin America and Caribbean,98,4.885,0.89537,1.17202,0.66825,0.57672,0.14234,0.21684,2015
98,Laos,Southeastern Asia,99,4.876,0.59066,0.73803,0.54909,0.59591,0.24249,0.42192,2015
99,Mongolia,Eastern Asia,100,4.874,0.82819,1.3006,0.60268,0.43626,0.02666,0.3323,2015
100,Swaziland,Sub-Saharan Africa,101,4.867,0.71206,1.07284,0.07566,0.30658,0.0306,0.18259,2015
101,Greece,Western Europe,102,4.857,1.15406,0.92933,0.88213,0.07699,0.01397,0.0,2015
102,Lebanon,Middle East and Northern Africa,103,4.839,1.02564,0.80001,0.83947,0.33916,0.04582,0.21854,2015
103,Hungary,Central and Eastern Europe,104,4.8,1.12094,1.20215,0.75905,0.32112,0.02758,0.128,2015
104,Honduras,Latin America and Caribbean,105,4.788,0.59532,0.95348,0.6951,0.40148,0.06825,0.23027,2015
105,Tajikistan,Central and Eastern Europe,106,4.786,0.39047,0.85563,0.57379,0.47216,0.15072,0.22974,2015
106,Tunisia,Middle East and Northern Africa,107,4.739,0.88113,0.60429,0.73793,0.26268,0.06358,0.06431,2015
107,Palestinian Territories,Middle East and Northern Africa,108,4.715,0.59867,0.92558,0.66015,0.24499,0.12905,0.11251,2015
108,Bangladesh,Southern Asia,109,4.694,0.39753,0.43106,0.60164,0.4082,0.12569,0.21222,2015
109,Iran,Middle East and Northern Africa,110,4.686,1.0088,0.54447,0.69805,0.30033,0.05863,0.38086,2015
110,Ukraine,Central and Eastern Europe,111,4.681,0.79907,1.20278,0.6739,0.25123,0.02961,0.15275,2015
111,Iraq,Middle East and Northern Africa,112,4.677,0.98549,0.81889,0.60237,0.0,0.13788,0.17922,2015
112,South Africa,Sub-Saharan Africa,113,4.642,0.92049,1.18468,0.27688,0.33207,0.08884,0.11973,2015
113,Ghana,Sub-Saharan Africa,114,4.633,0.54558,0.67954,0.40132,0.42342,0.04355,0.23087,2015
114,Zimbabwe,Sub-Saharan Africa,115,4.61,0.271,1.03276,0.33475,0.25861,0.08079,0.18987,2015
115,Liberia,Sub-Saharan Africa,116,4.571,0.0712,0.78968,0.34201,0.28531,0.06232,0.24362,2015
116,India,Southern Asia,117,4.565,0.64499,0.38174,0.51529,0.39786,0.08492,0.26475,2015
117,Sudan,Sub-Saharan Africa,118,4.55,0.52107,1.01404,0.36878,0.10081,0.1466,0.19062,2015
118,Haiti,Latin America and Caribbean,119,4.518,0.26673,0.74302,0.38847,0.24425,0.17175,0.46187,2015
119,Congo (Kinshasa),Sub-Saharan Africa,120,4.517,0.0,1.0012,0.09806,0.22605,0.07625,0.24834,2015
120,Nepal,Southern Asia,121,4.514,0.35997,0.86449,0.56874,0.38282,0.05907,0.32296,2015
121,Ethiopia,Sub-Saharan Africa,122,4.512,0.19073,0.60406,0.44055,0.4345,0.15048,0.24325,2015
122,Sierra Leone,Sub-Saharan Africa,123,4.507,0.33024,0.95571,0.0,0.4084,0.08786,0.21488,2015
123,Mauritania,Sub-Saharan Africa,124,4.436,0.45407,0.86908,0.35874,0.24232,0.17461,0.219,2015
124,Kenya,Sub-Saharan Africa,125,4.419,0.36471,0.99876,0.41435,0.42215,0.05839,0.37542,2015
125,Djibouti,Sub-Saharan Africa,126,4.369,0.44025,0.59207,0.36291,0.46074,0.28105,0.18093,2015
126,Armenia,Central and Eastern Europe,127,4.35,0.76821,0.77711,0.7299,0.19847,0.039,0.07855,2015
127,Botswana,Sub-Saharan Africa,128,4.332,0.99355,1.10464,0.04776,0.49495,0.12474,0.10461,2015
128,Myanmar,Southeastern Asia,129,4.307,0.27108,0.70905,0.48246,0.44017,0.19034,0.79588,2015
129,Georgia,Central and Eastern Europe,130,4.297,0.7419,0.38562,0.72926,0.40577,0.38331,0.05547,2015
130,Malawi,Sub-Saharan Africa,131,4.292,0.01604,0.41134,0.22562,0.43054,0.06977,0.33128,2015
131,Sri Lanka,Southern Asia,132,4.271,0.83524,1.01905,0.70806,0.53726,0.09179,0.40828,2015
132,Cameroon,Sub-Saharan Africa,133,4.252,0.4225,0.88767,0.23402,0.49309,0.05786,0.20618,2015
133,Bulgaria,Central and Eastern Europe,134,4.218,1.01216,1.10614,0.76649,0.30587,0.00872,0.11921,2015
134,Egypt,Middle East and Northern Africa,135,4.194,0.8818,0.747,0.61712,0.17288,0.06324,0.11291,2015
135,Yemen,Middle East and Northern Africa,136,4.077,0.54649,0.68093,0.40064,0.35571,0.07854,0.09131,2015
136,Angola,Sub-Saharan Africa,137,4.033,0.75778,0.8604,0.16683,0.10384,0.07122,0.12344,2015
137,Mali,Sub-Saharan Africa,138,3.995,0.26074,1.03526,0.20583,0.38857,0.12352,0.18798,2015
138,Congo (Brazzaville),Sub-Saharan Africa,139,3.989,0.67866,0.6629,0.31051,0.41466,0.11686,0.12388,2015
139,Comoros,Sub-Saharan Africa,140,3.956,0.23906,0.79273,0.36315,0.22917,0.199,0.17441,2015
140,Uganda,Sub-Saharan Africa,141,3.931,0.21102,1.13299,0.33861,0.45727,0.07267,0.29066,2015
141,Senegal,Sub-Saharan Africa,142,3.904,0.36498,0.97619,0.4354,0.36772,0.10713,0.20843,2015
142,Gabon,Sub-Saharan Africa,143,3.896,1.06024,0.90528,0.43372,0.31914,0.11091,0.06822,2015
143,Niger,Sub-Saharan Africa,144,3.845,0.0694,0.77265,0.29707,0.47692,0.15639,0.19387,2015
144,Cambodia,Southeastern Asia,145,3.819,0.46038,0.62736,0.61114,0.66246,0.07247,0.40359,2015
145,Tanzania,Sub-Saharan Africa,146,3.781,0.2852,1.00268,0.38215,0.32878,0.05747,0.34377,2015
146,Madagascar,Sub-Saharan Africa,147,3.681,0.20824,0.66801,0.46721,0.19184,0.08124,0.21333,2015
147,Central African Republic,Sub-Saharan Africa,148,3.678,0.0785,0.0,0.06699,0.48879,0.08289,0.23835,2015
148,Chad,Sub-Saharan Africa,149,3.667,0.34193,0.76062,0.1501,0.23501,0.05269,0.18386,2015
149,Guinea,Sub-Saharan Africa,150,3.656,0.17417,0.46475,0.24009,0.37725,0.12139,0.28657,2015
150,Ivory Coast,Sub-Saharan Africa,151,3.655,0.46534,0.77115,0.15185,0.46866,0.17922,0.20165,2015
151,Burkina Faso,Sub-Saharan Africa,152,3.587,0.25812,0.85188,0.27125,0.39493,0.12832,0.21747,2015
152,Afghanistan,Southern Asia,153,3.575,0.31982,0.30285,0.30335,0.23414,0.09719,0.3651,2015
153,Rwanda,Sub-Saharan Africa,154,3.465,0.22208,0.7737,0.42864,0.59201,0.55191,0.22628,2015
154,Benin,Sub-Saharan Africa,155,3.34,0.28665,0.35386,0.3191,0.4845,0.0801,0.1826,2015
155,Syria,Middle East and Northern Africa,156,3.006,0.6632,0.47489,0.72193,0.15684,0.18906,0.47179,2015
156,Burundi,Sub-Saharan Africa,157,2.905,0.0153,0.41587,0.22396,0.1185,0.10062,0.19727,2015
157,Togo,Sub-Saharan Africa,158,2.839,0.20868,0.13995,0.28443,0.36453,0.10731,0.16681,2015
158,Denmark,Western Europe,1,7.526,1.44178,1.16374,0.79504,0.57941,0.44453,0.36171,2016
159,Switzerland,Western Europe,2,7.509,1.52733,1.14524,0.86303,0.58557,0.41203,0.28083,2016
160,Iceland,Western Europe,3,7.501,1.42666,1.18326,0.86733,0.56624,0.14975,0.47678,2016
161,Norway,Western Europe,4,7.498,1.57744,1.1269,0.79579,0.59609,0.35776,0.37895,2016
162,Finland,Western Europe,5,7.413,1.40598,1.13464,0.81091,0.57104,0.41004,0.25492,2016
163,Canada,North America,6,7.404,1.44015,1.0961,0.8276,0.5737,0.31329,0.44834,2016
164,Netherlands,Western Europe,7,7.339,1.46468,1.02912,0.81231,0.55211,0.29927,0.47416,2016
165,New Zealand,Australia and New Zealand,8,7.334,1.36066,1.17278,0.83096,0.58147,0.41904,0.49401,2016
166,Australia,Australia and New Zealand,9,7.313,1.44443,1.10476,0.8512,0.56837,0.32331,0.47407,2016
167,Sweden,Western Europe,10,7.291,1.45181,1.08764,0.83121,0.58218,0.40867,0.38254,2016
168,Israel,Middle East and Northern Africa,11,7.267,1.33766,0.99537,0.84917,0.36432,0.08728,0.32288,2016
169,Austria,Western Europe,12,7.119,1.45038,1.08383,0.80565,0.54355,0.21348,0.32865,2016
170,United States,North America,13,7.104,1.50796,1.04782,0.779,0.48163,0.14868,0.41077,2016
171,Costa Rica,Latin America and Caribbean,14,7.087,1.06879,1.02152,0.76146,0.55225,0.10547,0.22553,2016
172,Puerto Rico,Latin America and Caribbean,15,7.039,1.35943,1.08113,0.77758,0.46823,0.12275,0.22202,2016
173,Germany,Western Europe,16,6.994,1.44787,1.09774,0.81487,0.53466,0.28551,0.30452,2016
174,Brazil,Latin America and Caribbean,17,6.952,1.08754,1.03938,0.61415,0.40425,0.14166,0.15776,2016
175,Belgium,Western Europe,18,6.929,1.42539,1.05249,0.81959,0.51354,0.26248,0.2424,2016
176,Ireland,Western Europe,19,6.907,1.48341,1.16157,0.81455,0.54008,0.29754,0.44963,2016
177,Luxembourg,Western Europe,20,6.871,1.69752,1.03999,0.84542,0.5487,0.35329,0.27571,2016
178,Mexico,Latin America and Caribbean,21,6.778,1.11508,0.7146,0.71143,0.37709,0.18355,0.11735,2016
179,Singapore,Southeastern Asia,22,6.739,1.64555,0.86758,0.94719,0.4877,0.46987,0.32706,2016
180,United Kingdom,Western Europe,23,6.725,1.40283,1.08672,0.80991,0.50036,0.27399,0.50156,2016
181,Chile,Latin America and Caribbean,24,6.705,1.2167,0.90587,0.81883,0.37789,0.11451,0.31595,2016
182,Panama,Latin America and Caribbean,25,6.701,1.18306,0.98912,0.70835,0.48927,0.08423,0.2418,2016
183,Argentina,Latin America and Caribbean,26,6.65,1.15137,1.06612,0.69711,0.42284,0.07296,0.10989,2016
184,Czech Republic,Central and Eastern Europe,27,6.596,1.30915,1.00793,0.76376,0.41418,0.03986,0.09929,2016
185,United Arab Emirates,Middle East and Northern Africa,28,6.573,1.57352,0.87114,0.72993,0.56215,0.35561,0.26591,2016
186,Uruguay,Latin America and Caribbean,29,6.545,1.18157,1.03143,0.72183,0.54388,0.21394,0.18056,2016
187,Malta,Western Europe,30,6.488,1.30782,1.09879,0.80315,0.54994,0.17554,0.56237,2016
188,Colombia,Latin America and Caribbean,31,6.481,1.03032,1.02169,0.59659,0.44735,0.05399,0.15626,2016
189,France,Western Europe,32,6.478,1.39488,1.00508,0.83795,0.46562,0.17808,0.1216,2016
190,Thailand,Southeastern Asia,33,6.474,1.0893,1.04477,0.64915,0.49553,0.02833,0.58696,2016
191,Saudi Arabia,Middle East and Northern Africa,34,6.379,1.48953,0.84829,0.59267,0.37904,0.30008,0.15457,2016
192,Taiwan,Eastern Asia,34,6.379,1.39729,0.92624,0.79565,0.32377,0.0663,0.25495,2016
193,Qatar,Middle East and Northern Africa,36,6.375,1.82427,0.87964,0.71723,0.56679,0.48049,0.32388,2016
194,Spain,Western Europe,37,6.361,1.34253,1.12945,0.87896,0.37545,0.06137,0.17665,2016
195,Algeria,Middle East and Northern Africa,38,6.355,1.05266,0.83309,0.61804,0.21006,0.16157,0.07044,2016
196,Guatemala,Latin America and Caribbean,39,6.324,0.83454,0.87119,0.54039,0.50379,0.08701,0.28808,2016
197,Suriname,Latin America and Caribbean,40,6.269,1.09686,0.77866,0.50933,0.52234,0.12692,0.16665,2016
198,Kuwait,Middle East and Northern Africa,41,6.239,1.61714,0.87758,0.63569,0.43166,0.23669,0.15965,2016
199,Bahrain,Middle East and Northern Africa,42,6.218,1.44024,0.94397,0.65696,0.47375,0.25772,0.17147,2016
200,Trinidad and Tobago,Latin America and Caribbean,43,6.168,1.32572,0.98569,0.52608,0.48453,0.01241,0.31935,2016
201,Venezuela,Latin America and Caribbean,44,6.084,1.13367,1.03302,0.61904,0.19847,0.08304,0.0425,2016
202,Slovakia,Central and Eastern Europe,45,6.078,1.27973,1.08268,0.70367,0.23391,0.02947,0.13837,2016
203,El Salvador,Latin America and Caribbean,46,6.068,0.8737,0.80975,0.596,0.37269,0.10613,0.08877,2016
204,Malaysia,Southeastern Asia,47,6.005,1.25142,0.88025,0.62366,0.39031,0.09081,0.41474,2016
205,Nicaragua,Latin America and Caribbean,48,5.992,0.69384,0.89521,0.65213,0.46582,0.16292,0.29773,2016
206,Uzbekistan,Central and Eastern Europe,49,5.987,0.73591,1.1681,0.50163,0.60848,0.28333,0.34326,2016
207,Italy,Western Europe,50,5.977,1.35495,1.04167,0.85102,0.18827,0.02556,0.16684,2016
208,Ecuador,Latin America and Caribbean,51,5.976,0.97306,0.85974,0.68613,0.4027,0.18037,0.10074,2016
209,Belize,Latin America and Caribbean,52,5.956,0.87616,0.68655,0.45569,0.51231,0.10771,0.23684,2016
210,Japan,Eastern Asia,53,5.921,1.38007,1.06054,0.91491,0.46761,0.18985,0.10224,2016
211,Kazakhstan,Central and Eastern Europe,54,5.919,1.22943,0.95544,0.57386,0.4052,0.11132,0.15011,2016
212,Moldova,Central and Eastern Europe,55,5.897,0.69177,0.83132,0.52309,0.25202,0.01903,0.19997,2016
213,Russia,Central and Eastern Europe,56,5.856,1.23228,1.05261,0.58991,0.32682,0.03586,0.02736,2016
214,Poland,Central and Eastern Europe,57,5.835,1.24585,1.04685,0.69058,0.4519,0.055,0.14443,2016
215,South Korea,Eastern Asia,57,5.835,1.35948,0.72194,0.88645,0.25168,0.07716,0.18824,2016
216,Bolivia,Latin America and Caribbean,59,5.822,0.79422,0.83779,0.4697,0.50961,0.07746,0.21698,2016
217,Lithuania,Central and Eastern Europe,60,5.813,1.2692,1.06411,0.64674,0.18929,0.0182,0.02025,2016
218,Belarus,Central and Eastern Europe,61,5.802,1.13062,1.04993,0.63104,0.29091,0.17457,0.13942,2016
219,North Cyprus,Western Europe,62,5.771,1.31141,0.81826,0.84142,0.43596,0.16578,0.26322,2016
220,Slovenia,Central and Eastern Europe,63,5.768,1.29947,1.05613,0.79151,0.53164,0.03635,0.25738,2016
221,Peru,Latin America and Caribbean,64,5.743,0.99602,0.81255,0.62994,0.37502,0.05292,0.14527,2016
222,Turkmenistan,Central and Eastern Europe,65,5.658,1.08017,1.03817,0.44006,0.37408,0.28467,0.22567,2016
223,Mauritius,Sub-Saharan Africa,66,5.648,1.14372,0.75695,0.66189,0.46145,0.05203,0.36951,2016
224,Libya,Middle East and Northern Africa,67,5.615,1.06688,0.95076,0.52304,0.40672,0.10339,0.17087,2016
225,Latvia,Central and Eastern Europe,68,5.56,1.21788,0.95025,0.63952,0.27996,0.0889,0.17445,2016
226,Cyprus,Western Europe,69,5.546,1.31857,0.70697,0.8488,0.29507,0.05228,0.27906,2016
227,Paraguay,Latin America and Caribbean,70,5.538,0.89373,1.11111,0.58295,0.46235,0.07396,0.25296,2016
228,Romania,Central and Eastern Europe,71,5.528,1.1697,0.72803,0.67602,0.36712,0.00679,0.12889,2016
229,Estonia,Central and Eastern Europe,72,5.517,1.27964,1.05163,0.68098,0.41511,0.18519,0.08423,2016
230,Jamaica,Latin America and Caribbean,73,5.51,0.89333,0.96372,0.59469,0.43597,0.04294,0.22245,2016
231,Croatia,Central and Eastern Europe,74,5.488,1.18649,0.60809,0.70524,0.23907,0.04002,0.18434,2016
232,Hong Kong,Eastern Asia,75,5.458,1.5107,0.87021,0.95277,0.48079,0.31647,0.40097,2016
233,Somalia,Sub-Saharan Africa,76,5.44,0.0,0.33613,0.11466,0.56778,0.3118,0.27225,2016
234,Kosovo,Central and Eastern Europe,77,5.401,0.90145,0.66062,0.54,0.14396,0.06547,0.27992,2016
235,Turkey,Middle East and Northern Africa,78,5.389,1.16492,0.87717,0.64718,0.23889,0.12348,0.04707,2016
236,Indonesia,Southeastern Asia,79,5.314,0.95104,0.87625,0.49374,0.39237,0.00322,0.56521,2016
237,Jordan,Middle East and Northern Africa,80,5.303,0.99673,0.86216,0.60712,0.36023,0.13297,0.14262,2016
238,Azerbaijan,Central and Eastern Europe,81,5.291,1.12373,0.76042,0.54504,0.35327,0.17914,0.0564,2016
239,Philippines,Southeastern Asia,82,5.279,0.81217,0.87877,0.47036,0.54854,0.11757,0.21674,2016
240,China,Eastern Asia,83,5.245,1.0278,0.79381,0.73561,0.44012,0.02745,0.04959,2016
241,Bhutan,Southern Asia,84,5.196,0.8527,0.90836,0.49759,0.46074,0.1616,0.48546,2016
242,Kyrgyzstan,Central and Eastern Europe,85,5.185,0.56044,0.95434,0.55449,0.40212,0.04762,0.38432,2016
243,Serbia,Central and Eastern Europe,86,5.177,1.03437,0.81329,0.6458,0.15718,0.04339,0.20737,2016
244,Bosnia and Herzegovina,Central and Eastern Europe,87,5.163,0.93383,0.64367,0.70766,0.09511,0.0,0.29889,2016
245,Montenegro,Central and Eastern Europe,88,5.161,1.07838,0.74173,0.63533,0.15111,0.12721,0.17191,2016
246,Dominican Republic,Latin America and Caribbean,89,5.155,1.02787,0.99496,0.57669,0.52259,0.12372,0.21286,2016
247,Morocco,Middle East and Northern Africa,90,5.151,0.84058,0.38595,0.59471,0.25646,0.08404,0.04053,2016
248,Hungary,Central and Eastern Europe,91,5.145,1.24142,0.93164,0.67608,0.1977,0.04472,0.099,2016
249,Pakistan,Southern Asia,92,5.132,0.68816,0.26135,0.40306,0.14622,0.1388,0.31185,2016
250,Lebanon,Middle East and Northern Africa,93,5.129,1.12268,0.64184,0.76171,0.26228,0.03061,0.23693,2016
251,Portugal,Western Europe,94,5.123,1.27607,0.94367,0.79363,0.44727,0.01521,0.11691,2016
252,Macedonia,Central and Eastern Europe,95,5.121,1.0193,0.78236,0.64738,0.27668,0.07047,0.23507,2016
253,Vietnam,Southeastern Asia,96,5.061,0.74037,0.79117,0.66157,0.55954,0.11556,0.25075,2016
254,Somaliland Region,Sub-Saharan Africa,97,5.057,0.25558,0.75862,0.33108,0.3913,0.36794,0.51479,2016
255,Tunisia,Middle East and Northern Africa,98,5.045,0.97724,0.43165,0.59577,0.23553,0.0817,0.03936,2016
256,Greece,Western Europe,99,5.033,1.24886,0.75473,0.80029,0.05822,0.04127,0.0,2016
257,Tajikistan,Central and Eastern Europe,100,4.996,0.48835,0.75602,0.53119,0.43408,0.13509,0.25998,2016
258,Mongolia,Eastern Asia,101,4.907,0.98853,1.08983,0.55469,0.35972,0.03285,0.34539,2016
259,Laos,Southeastern Asia,102,4.876,0.68042,0.5497,0.38291,0.52168,0.22423,0.43079,2016
260,Nigeria,Sub-Saharan Africa,103,4.875,0.75216,0.64498,0.05108,0.27854,0.0305,0.23219,2016
261,Honduras,Latin America and Caribbean,104,4.871,0.69429,0.75596,0.58383,0.26755,0.06906,0.2044,2016
262,Iran,Middle East and Northern Africa,105,4.813,1.11758,0.38857,0.64232,0.22544,0.0557,0.38538,2016
263,Zambia,Sub-Saharan Africa,106,4.795,0.61202,0.6376,0.23573,0.42662,0.11479,0.17866,2016
264,Nepal,Southern Asia,107,4.793,0.44626,0.69699,0.50073,0.37012,0.07008,0.3816,2016
265,Palestinian Territories,Middle East and Northern Africa,108,4.754,0.67024,0.71629,0.56844,0.17744,0.10613,0.11154,2016
266,Albania,Central and Eastern Europe,109,4.655,0.9553,0.50163,0.73007,0.31866,0.05301,0.1684,2016
267,Bangladesh,Southern Asia,110,4.643,0.54177,0.24749,0.52989,0.39778,0.12583,0.19132,2016
268,Sierra Leone,Sub-Saharan Africa,111,4.635,0.36485,0.628,0.0,0.30685,0.08196,0.23897,2016
269,Iraq,Middle East and Northern Africa,112,4.575,1.07474,0.59205,0.51076,0.24856,0.13636,0.19589,2016
270,Namibia,Sub-Saharan Africa,113,4.574,0.93287,0.70362,0.34745,0.48614,0.10398,0.07795,2016
271,Cameroon,Sub-Saharan Africa,114,4.513,0.52497,0.62542,0.12698,0.42736,0.06126,0.2268,2016
272,Ethiopia,Sub-Saharan Africa,115,4.508,0.29283,0.37932,0.34578,0.36703,0.1717,0.29522,2016
273,South Africa,Sub-Saharan Africa,116,4.459,1.02416,0.96053,0.18611,0.42483,0.08415,0.13656,2016
274,Sri Lanka,Southern Asia,117,4.415,0.97318,0.84783,0.62007,0.50817,0.07964,0.46978,2016
275,India,Southern Asia,118,4.404,0.74036,0.29247,0.45091,0.40285,0.08722,0.25028,2016
276,Myanmar,Southeastern Asia,119,4.395,0.34112,0.69981,0.3988,0.42692,0.20243,0.81971,2016
277,Egypt,Middle East and Northern Africa,120,4.362,0.95395,0.49813,0.52116,0.18847,0.10393,0.12706,2016
278,Armenia,Central and Eastern Europe,121,4.36,0.86086,0.62477,0.64083,0.14037,0.03616,0.07793,2016
279,Kenya,Sub-Saharan Africa,122,4.356,0.52267,0.7624,0.30147,0.40576,0.06686,0.41328,2016
280,Ukraine,Central and Eastern Europe,123,4.324,0.87287,1.01413,0.58628,0.12859,0.01829,0.20363,2016
281,Ghana,Sub-Saharan Africa,124,4.276,0.63107,0.49353,0.29681,0.40973,0.0326,0.21203,2016
282,Congo (Kinshasa),Sub-Saharan Africa,125,4.272,0.05661,0.80676,0.188,0.15602,0.06075,0.25458,2016
283,Georgia,Central and Eastern Europe,126,4.252,0.83792,0.19249,0.64035,0.32461,0.3188,0.06786,2016
284,Congo (Brazzaville),Sub-Saharan Africa,127,4.236,0.77109,0.47799,0.28212,0.37938,0.09753,0.12077,2016
285,Senegal,Sub-Saharan Africa,128,4.219,0.44314,0.77416,0.40457,0.31056,0.11681,0.19103,2016
286,Bulgaria,Central and Eastern Europe,129,4.217,1.11306,0.92542,0.67806,0.21219,0.00615,0.12793,2016
287,Mauritania,Sub-Saharan Africa,130,4.201,0.61391,0.84142,0.28639,0.1268,0.17955,0.22686,2016
288,Zimbabwe,Sub-Saharan Africa,131,4.193,0.35041,0.71478,0.1595,0.25429,0.08582,0.18503,2016
289,Malawi,Sub-Saharan Africa,132,4.156,0.08709,0.147,0.29364,0.4143,0.07564,0.30968,2016
290,Sudan,Sub-Saharan Africa,133,4.139,0.63069,0.81928,0.29759,0.0,0.10039,0.18077,2016
291,Gabon,Sub-Saharan Africa,134,4.121,1.15851,0.72368,0.3494,0.28098,0.09314,0.06244,2016
292,Mali,Sub-Saharan Africa,135,4.073,0.31292,0.86333,0.16347,0.27544,0.13647,0.21064,2016
293,Haiti,Latin America and Caribbean,136,4.028,0.34097,0.29561,0.27494,0.12072,0.14476,0.47958,2016
294,Botswana,Sub-Saharan Africa,137,3.974,1.09426,0.89186,0.34752,0.44089,0.10769,0.12425,2016
295,Comoros,Sub-Saharan Africa,138,3.956,0.27509,0.60323,0.29981,0.15412,0.18437,0.1827,2016
296,Ivory Coast,Sub-Saharan Africa,139,3.916,0.55507,0.57576,0.04476,0.40663,0.1553,0.20338,2016
297,Cambodia,Southeastern Asia,140,3.907,0.55604,0.5375,0.42494,0.58852,0.08092,0.40339,2016
298,Angola,Sub-Saharan Africa,141,3.866,0.84731,0.66366,0.04991,0.00589,0.08434,0.12071,2016
299,Niger,Sub-Saharan Africa,142,3.856,0.1327,0.6053,0.26162,0.38041,0.17176,0.2097,2016
300,South Sudan,Sub-Saharan Africa,143,3.832,0.39394,0.18519,0.15781,0.19662,0.13015,0.25899,2016
301,Chad,Sub-Saharan Africa,144,3.763,0.42214,0.63178,0.03824,0.12807,0.04952,0.18667,2016
302,Burkina Faso,Sub-Saharan Africa,145,3.739,0.31995,0.63054,0.21297,0.3337,0.12533,0.24353,2016
303,Uganda,Sub-Saharan Africa,145,3.739,0.34719,0.90981,0.19625,0.43653,0.06442,0.27102,2016
304,Yemen,Middle East and Northern Africa,147,3.724,0.57939,0.47493,0.31048,0.2287,0.05892,0.09821,2016
305,Madagascar,Sub-Saharan Africa,148,3.695,0.27954,0.46115,0.37109,0.13684,0.07506,0.2204,2016
306,Tanzania,Sub-Saharan Africa,149,3.666,0.47155,0.77623,0.357,0.3176,0.05099,0.31472,2016
307,Liberia,Sub-Saharan Africa,150,3.622,0.10706,0.50353,0.23165,0.25748,0.04852,0.24063,2016
308,Guinea,Sub-Saharan Africa,151,3.607,0.22415,0.3109,0.18829,0.30953,0.1192,0.29914,2016
309,Rwanda,Sub-Saharan Africa,152,3.515,0.32846,0.61586,0.31865,0.5432,0.50521,0.23552,2016
310,Benin,Sub-Saharan Africa,153,3.484,0.39499,0.10419,0.21028,0.39747,0.06681,0.2018,2016
311,Afghanistan,Southern Asia,154,3.36,0.38227,0.11037,0.17344,0.1643,0.07112,0.31268,2016
312,Togo,Sub-Saharan Africa,155,3.303,0.28123,0.0,0.24811,0.34678,0.11587,0.17517,2016
313,Syria,Middle East and Northern Africa,156,3.069,0.74719,0.14866,0.62994,0.06912,0.17233,0.48397,2016
314,Burundi,Sub-Saharan Africa,157,2.905,0.06831,0.23442,0.15747,0.0432,0.09419,0.2029,2016
315,Norway,Western Europe,1,7.53700017929077,1.61646318435669,1.53352355957031,0.796666502952576,0.635422587394714,0.315963834524155,0.36201223731041,2017
316,Denmark,Western Europe,2,7.52199983596802,1.48238301277161,1.55112159252167,0.792565524578094,0.626006722450256,0.40077006816864,0.355280488729477,2017
317,Iceland,Western Europe,3,7.50400018692017,1.480633020401,1.6105740070343,0.833552122116089,0.627162635326385,0.153526559472084,0.475540220737457,2017
318,Switzerland,Western Europe,4,7.49399995803833,1.56497955322266,1.51691174507141,0.858131289482117,0.620070576667786,0.367007285356522,0.290549278259277,2017
319,Finland,Western Europe,5,7.4689998626709,1.44357192516327,1.5402467250824,0.80915766954422,0.617950856685638,0.38261154294014,0.24548277258873,2017
320,Netherlands,Western Europe,6,7.3769998550415,1.50394463539124,1.42893922328949,0.810696125030518,0.585384488105774,0.282661825418472,0.470489829778671,2017
321,Canada,North America,7,7.31599998474121,1.47920441627502,1.48134899139404,0.83455765247345,0.611100912094116,0.287371516227722,0.435539722442627,2017
322,New Zealand,Australia and New Zealand,8,7.31400012969971,1.40570604801178,1.54819512367249,0.816759705543518,0.614062130451202,0.382816702127457,0.500005125999451,2017
323,Sweden,Western Europe,9,7.28399991989136,1.49438726902008,1.47816216945648,0.830875158309937,0.612924098968506,0.384398728609085,0.385399252176285,2017
324,Australia,Australia and New Zealand,10,7.28399991989136,1.484414935112,1.51004195213318,0.84388679265976,0.601607382297516,0.301183730363846,0.477699249982834,2017
325,Israel,Middle East and Northern Africa,11,7.21299982070923,1.37538242340088,1.37628996372223,0.83840399980545,0.405988603830338,0.0852421000599861,0.330082654953003,2017
326,Costa Rica,Latin America and Caribbean,12,7.0789999961853,1.10970628261566,1.41640365123749,0.759509265422821,0.580131649971008,0.100106589496136,0.214613229036331,2017
327,Austria,Western Europe,13,7.00600004196167,1.48709726333618,1.4599449634552,0.815328419208527,0.567766189575195,0.221060365438461,0.316472321748734,2017
328,United States,North America,14,6.99300003051758,1.54625928401947,1.41992056369781,0.77428662776947,0.505740523338318,0.135638788342476,0.392578780651093,2017
329,Ireland,Western Europe,15,6.97700023651123,1.53570663928986,1.55823111534119,0.80978262424469,0.573110342025757,0.29838815331459,0.42785832285881,2017
330,Germany,Western Europe,16,6.95100021362305,1.48792338371277,1.47252035140991,0.798950731754303,0.562511384487152,0.276731938123703,0.336269170045853,2017
331,Belgium,Western Europe,17,6.89099979400635,1.46378076076508,1.46231269836426,0.818091869354248,0.539770722389221,0.251343131065369,0.231503337621689,2017
332,Luxembourg,Western Europe,18,6.86299991607666,1.74194359779358,1.45758366584778,0.845089495182037,0.59662789106369,0.31883442401886,0.283180981874466,2017
333,United Kingdom,Western Europe,19,6.71400022506714,1.44163393974304,1.49646008014679,0.805335938930511,0.508190035820007,0.265428066253662,0.492774158716202,2017
334,Chile,Latin America and Caribbean,20,6.65199995040894,1.25278460979462,1.28402495384216,0.819479703903198,0.376895278692245,0.0822879821062088,0.326662421226501,2017
335,United Arab Emirates,Middle East and Northern Africa,21,6.64799976348877,1.62634336948395,1.26641023159027,0.726798236370087,0.60834527015686,0.324489563703537,0.3609419465065,2017
336,Brazil,Latin America and Caribbean,22,6.63500022888184,1.10735321044922,1.43130600452423,0.616552352905273,0.437453746795654,0.111092761158943,0.16234989464283,2017
337,Czech Republic,Central and Eastern Europe,23,6.60900020599365,1.35268235206604,1.43388521671295,0.754444003105164,0.490946173667908,0.0368729270994663,0.0881067588925362,2017
338,Argentina,Latin America and Caribbean,24,6.59899997711182,1.18529546260834,1.44045114517212,0.695137083530426,0.494519203901291,0.059739887714386,0.109457060694695,2017
339,Mexico,Latin America and Caribbean,25,6.57800006866455,1.15318381786346,1.210862159729,0.709978997707367,0.412730008363724,0.132774114608765,0.120990432798862,2017
340,Singapore,Southeastern Asia,26,6.57200002670288,1.69227766990662,1.35381436347961,0.949492394924164,0.549840569496155,0.46430778503418,0.345965981483459,2017
341,Malta,Western Europe,27,6.52699995040894,1.34327983856201,1.48841166496277,0.821944236755371,0.588767051696777,0.153066068887711,0.574730575084686,2017
342,Uruguay,Latin America and Caribbean,28,6.4539999961853,1.21755969524384,1.41222786903381,0.719216823577881,0.57939225435257,0.178061872720718,0.175096929073334,2017
343,Guatemala,Latin America and Caribbean,29,6.4539999961853,0.872001945972443,1.25558519363403,0.540239989757538,0.531310617923737,0.0772232785820961,0.283488392829895,2017
344,Panama,Latin America and Caribbean,30,6.4520001411438,1.23374843597412,1.37319254875183,0.706156134605408,0.550026834011078,0.070983923971653,0.21055693924427,2017
345,France,Western Europe,31,6.44199991226196,1.43092346191406,1.38777685165405,0.844465851783752,0.470222115516663,0.172502428293228,0.129762306809425,2017
346,Thailand,Southeastern Asia,32,6.42399978637695,1.12786877155304,1.42579245567322,0.647239029407501,0.580200731754303,0.0316127352416515,0.572123110294342,2017
347,Taiwan Province of China,,33,6.42199993133545,1.43362653255463,1.38456535339355,0.793984234333038,0.361466586589813,0.0638292357325554,0.258360475301743,2017
348,Spain,Western Europe,34,6.40299987792969,1.38439786434174,1.53209090232849,0.888960599899292,0.408781230449677,0.0709140971302986,0.190133571624756,2017
349,Qatar,Middle East and Northern Africa,35,6.375,1.87076568603516,1.27429687976837,0.710098087787628,0.604130983352661,0.439299255609512,0.330473870038986,2017
350,Colombia,Latin America and Caribbean,36,6.35699987411499,1.07062232494354,1.4021829366684,0.595027923583984,0.477487415075302,0.0466687418520451,0.149014472961426,2017
351,Saudi Arabia,Middle East and Northern Africa,37,6.3439998626709,1.53062355518341,1.28667759895325,0.590148329734802,0.449750572443008,0.27343225479126,0.147616013884544,2017
352,Trinidad and Tobago,Latin America and Caribbean,38,6.16800022125244,1.36135590076447,1.3802285194397,0.519983291625977,0.518630743026733,0.0089648161083459,0.325296461582184,2017
353,Kuwait,Middle East and Northern Africa,39,6.10500001907349,1.63295245170593,1.25969874858856,0.632105708122253,0.496337592601776,0.215159550309181,0.228289797902107,2017
354,Slovakia,Central and Eastern Europe,40,6.09800004959106,1.32539355754852,1.50505924224854,0.712732911109924,0.295817464590073,0.0242108516395092,0.136544480919838,2017
355,Bahrain,Middle East and Northern Africa,41,6.08699989318848,1.48841226100922,1.32311046123505,0.653133034706116,0.536746919155121,0.257042169570923,0.172668486833572,2017
356,Malaysia,Southeastern Asia,42,6.08400011062622,1.29121541976929,1.28464603424072,0.618784427642822,0.402264982461929,0.0656007081270218,0.416608929634094,2017
357,Nicaragua,Latin America and Caribbean,43,6.07100009918213,0.737299203872681,1.28721570968628,0.653095960617065,0.447551846504211,0.130687981843948,0.301674216985703,2017
358,Ecuador,Latin America and Caribbean,44,6.00799989700317,1.00082039833069,1.28616881370544,0.685636222362518,0.4551981985569,0.140134647488594,0.150112465023994,2017
359,El Salvador,Latin America and Caribbean,45,6.00299978256226,0.909784495830536,1.18212509155273,0.596018552780151,0.432452529668808,0.0899809598922729,0.0782579854130745,2017
360,Poland,Central and Eastern Europe,46,5.97300004959106,1.29178786277771,1.44571197032928,0.699475347995758,0.520342111587524,0.0593078061938286,0.158465966582298,2017
361,Uzbekistan,Central and Eastern Europe,47,5.97100019454956,0.786441087722778,1.54896914958954,0.498272627592087,0.658248662948608,0.246528223156929,0.415983647108078,2017
362,Italy,Western Europe,48,5.96400022506714,1.39506661891937,1.44492328166962,0.853144347667694,0.256450712680817,0.0280280914157629,0.17278964817524,2017
363,Russia,Central and Eastern Europe,49,5.96299982070923,1.28177809715271,1.46928238868713,0.547349333763123,0.373783111572266,0.0329628810286522,0.0522638224065304,2017
364,Belize,,50,5.95599985122681,0.907975316047668,1.08141779899597,0.450191766023636,0.547509372234344,0.0965810716152191,0.240015640854836,2017
365,Japan,Eastern Asia,51,5.92000007629395,1.41691517829895,1.43633782863617,0.913475871086121,0.505625545978546,0.163760736584663,0.12057276815176,2017
366,Lithuania,Central and Eastern Europe,52,5.90199995040894,1.31458234786987,1.47351610660553,0.62894994020462,0.234231784939766,0.0118656428530812,0.010164656676352,2017
367,Algeria,Middle East and Northern Africa,53,5.87200021743774,1.09186446666718,1.1462174654007,0.617584645748138,0.233335807919502,0.146096110343933,0.0694366469979286,2017
368,Latvia,Central and Eastern Europe,54,5.84999990463257,1.26074862480164,1.40471494197845,0.638566970825195,0.325707912445068,0.0738427266478539,0.153074786067009,2017
369,South Korea,Eastern Asia,55,5.83799982070923,1.40167844295502,1.12827444076538,0.900214076042175,0.257921665906906,0.0632826685905457,0.206674367189407,2017
370,Moldova,Central and Eastern Europe,56,5.83799982070923,0.728870630264282,1.25182557106018,0.589465200901031,0.240729048848152,0.0100912861526012,0.208779126405716,2017
371,Romania,Central and Eastern Europe,57,5.82499980926514,1.21768391132355,1.15009129047394,0.685158312320709,0.457003742456436,0.00438790069893,0.133519917726517,2017
372,Bolivia,Latin America and Caribbean,58,5.82299995422363,0.833756566047668,1.22761905193329,0.473630249500275,0.558732926845551,0.0604777261614799,0.22556072473526,2017
373,Turkmenistan,Central and Eastern Europe,59,5.82200002670288,1.13077676296234,1.49314916133881,0.437726080417633,0.41827192902565,0.259270340204239,0.24992498755455,2017
374,Kazakhstan,Central and Eastern Europe,60,5.81899976730347,1.28455626964569,1.38436901569366,0.606041550636292,0.437454283237457,0.119282886385918,0.201964423060417,2017
375,North Cyprus,Western Europe,61,5.80999994277954,1.3469113111496,1.18630337715149,0.834647238254547,0.471203625202179,0.155353352427483,0.266845703125,2017
376,Slovenia,Central and Eastern Europe,62,5.75799989700317,1.3412059545517,1.45251882076263,0.790828227996826,0.572575807571411,0.0451289787888527,0.242649093270302,2017
377,Peru,Latin America and Caribbean,63,5.71500015258789,1.03522527217865,1.21877038478851,0.630166113376617,0.450002878904343,0.0470490865409374,0.126819714903831,2017
378,Mauritius,Sub-Saharan Africa,64,5.62900018692017,1.18939554691315,1.20956099033356,0.638007462024689,0.491247326135635,0.0421815551817417,0.360933750867844,2017
379,Cyprus,Western Europe,65,5.62099981307983,1.35593807697296,1.13136327266693,0.84471470117569,0.355111539363861,0.0412379764020443,0.271254301071167,2017
380,Estonia,Central and Eastern Europe,66,5.61100006103516,1.32087934017181,1.47667109966278,0.695168316364288,0.479131430387497,0.183248922228813,0.0988908112049103,2017
381,Belarus,Central and Eastern Europe,67,5.56899976730347,1.15655755996704,1.44494521617889,0.637714266777039,0.295400261878967,0.156313821673393,0.15513750910759,2017
382,Libya,Middle East and Northern Africa,68,5.52500009536743,1.10180306434631,1.35756433010101,0.520169019699097,0.465733230113983,0.0926102101802826,0.152073666453362,2017
383,Turkey,Middle East and Northern Africa,69,5.5,1.19827437400818,1.33775317668915,0.637605607509613,0.300740599632263,0.0996715798974037,0.0466930419206619,2017
384,Paraguay,Latin America and Caribbean,70,5.49300003051758,0.932537317276001,1.50728487968445,0.579250693321228,0.473507791757584,0.091065913438797,0.224150657653809,2017
385,"Hong Kong S.A.R., China",,71,5.47200012207031,1.55167484283447,1.26279091835022,0.943062424659729,0.490968644618988,0.293933749198914,0.374465793371201,2017
386,Philippines,Southeastern Asia,72,5.42999982833862,0.85769921541214,1.25391757488251,0.468009054660797,0.585214674472809,0.0993318930268288,0.193513423204422,2017
387,Serbia,Central and Eastern Europe,73,5.39499998092651,1.06931757926941,1.25818979740143,0.65078467130661,0.208715528249741,0.0409037806093693,0.220125883817673,2017
388,Jordan,Middle East and Northern Africa,74,5.33599996566772,0.991012394428253,1.23908889293671,0.604590058326721,0.418421149253845,0.11980327218771,0.172170460224152,2017
389,Hungary,Central and Eastern Europe,75,5.32399988174438,1.2860119342804,1.34313309192657,0.687763452529907,0.175863519310951,0.0366369374096394,0.0784016624093056,2017
390,Jamaica,Latin America and Caribbean,76,5.31099987030029,0.925579309463501,1.36821806430817,0.641022384166718,0.474307239055634,0.0552677810192108,0.233818337321281,2017
391,Croatia,Central and Eastern Europe,77,5.29300022125244,1.22255623340607,0.96798300743103,0.701288521289825,0.255772292613983,0.0431031100451946,0.248002976179123,2017
392,Kosovo,Central and Eastern Europe,78,5.27899980545044,0.951484382152557,1.13785350322723,0.541452050209045,0.260287940502167,0.0574716180562973,0.319931447505951,2017
393,China,Eastern Asia,79,5.27299976348877,1.08116579055786,1.16083741188049,0.741415500640869,0.472787708044052,0.0227942746132612,0.0288068410009146,2017
394,Pakistan,Southern Asia,80,5.26900005340576,0.72688353061676,0.672690689563751,0.402047783136368,0.23521526157856,0.124348066747189,0.315446019172668,2017
395,Indonesia,Southeastern Asia,81,5.26200008392334,0.995538592338562,1.27444469928741,0.492345720529556,0.443323463201523,0.0153171354904771,0.611704587936401,2017
396,Venezuela,Latin America and Caribbean,82,5.25,1.12843120098114,1.43133759498596,0.617144227027893,0.153997123241425,0.0644911229610443,0.0650196298956871,2017
397,Montenegro,Central and Eastern Europe,83,5.23699998855591,1.12112903594971,1.23837649822235,0.667464673519135,0.194989055395126,0.0881741940975189,0.197911024093628,2017
398,Morocco,Middle East and Northern Africa,84,5.2350001335144,0.878114581108093,0.774864435195923,0.59771066904068,0.408158332109451,0.0877631828188896,0.0322099551558495,2017
399,Azerbaijan,Central and Eastern Europe,85,5.23400020599365,1.15360176563263,1.15240025520325,0.540775775909424,0.398155838251114,0.180987507104874,0.0452693402767181,2017
400,Dominican Republic,Latin America and Caribbean,86,5.23000001907349,1.07937383651733,1.40241670608521,0.574873745441437,0.55258983373642,0.113945253193378,0.186967849731445,2017
401,Greece,Western Europe,87,5.22700023651123,1.28948748111725,1.23941457271576,0.810198903083801,0.0957312509417534,0.04328977689147,0.0,2017
402,Lebanon,Middle East and Northern Africa,88,5.22499990463257,1.07498753070831,1.12962424755096,0.735081076622009,0.288515985012054,0.037513829767704,0.264450758695602,2017
403,Portugal,Western Europe,89,5.19500017166138,1.3151752948761,1.36704301834106,0.795843541622162,0.498465299606323,0.0158694516867399,0.0951027125120163,2017
404,Bosnia and Herzegovina,Central and Eastern Europe,90,5.18200016021729,0.982409417629242,1.0693359375,0.705186307430267,0.204403176903725,0.0,0.328867495059967,2017
405,Honduras,Latin America and Caribbean,91,5.18100023269653,0.730573117733002,1.14394497871399,0.582569479942322,0.348079860210419,0.0733454525470734,0.236188873648643,2017
406,Macedonia,Central and Eastern Europe,92,5.17500019073486,1.06457793712616,1.20789301395416,0.644948184490204,0.325905978679657,0.0602777935564518,0.25376096367836,2017
407,Somalia,,93,5.15100002288818,0.0226431842893362,0.721151351928711,0.113989137113094,0.602126955986023,0.282410323619843,0.291631311178207,2017
408,Vietnam,Southeastern Asia,94,5.07399988174438,0.788547575473785,1.27749133110046,0.652168989181519,0.571055591106415,0.0876332372426987,0.234968051314354,2017
409,Nigeria,Sub-Saharan Africa,95,5.07399988174438,0.783756256103516,1.21577048301697,0.0569157302379608,0.394952565431595,0.0261215660721064,0.230947196483612,2017
410,Tajikistan,Central and Eastern Europe,96,5.04099988937378,0.524713635444641,1.27146327495575,0.529235124588013,0.471566706895828,0.146377146244049,0.248997643589973,2017
411,Bhutan,Southern Asia,97,5.01100015640259,0.885416388511658,1.34012651443481,0.495879292488098,0.501537680625916,0.173380389809608,0.474054545164108,2017
412,Kyrgyzstan,Central and Eastern Europe,98,5.00400018692017,0.596220076084137,1.39423859119415,0.553457796573639,0.454943388700485,0.0394391790032387,0.42858037352562,2017
413,Nepal,Southern Asia,99,4.96199989318848,0.479820191860199,1.17928326129913,0.504130780696869,0.440305948257446,0.0729755461215973,0.394096165895462,2017
414,Mongolia,Eastern Asia,100,4.95499992370605,1.02723586559296,1.4930112361908,0.557783484458923,0.394143968820572,0.0329022891819477,0.338464230298996,2017
415,South Africa,Sub-Saharan Africa,101,4.8289999961853,1.05469870567322,1.38478863239288,0.187080070376396,0.479246735572815,0.0725094974040985,0.139362379908562,2017
416,Tunisia,Middle East and Northern Africa,102,4.80499982833862,1.00726580619812,0.868351459503174,0.613212049007416,0.289680689573288,0.0867231488227844,0.0496933571994305,2017
417,Palestinian Territories,Middle East and Northern Africa,103,4.77500009536743,0.716249227523804,1.15564715862274,0.565666973590851,0.25471106171608,0.0892826020717621,0.114173173904419,2017
418,Egypt,Middle East and Northern Africa,104,4.7350001335144,0.989701807498932,0.997471392154694,0.520187258720398,0.282110154628754,0.114381365478039,0.128631442785263,2017
419,Bulgaria,Central and Eastern Europe,105,4.71400022506714,1.1614590883255,1.43437945842743,0.708217680454254,0.289231717586517,0.0110515309497714,0.113177694380283,2017
420,Sierra Leone,Sub-Saharan Africa,106,4.70900011062622,0.36842092871666,0.984136044979095,0.0055647538974881,0.318697690963745,0.0710951760411263,0.293040901422501,2017
421,Cameroon,Sub-Saharan Africa,107,4.69500017166138,0.564305365085602,0.946018218994141,0.132892116904259,0.430388748645782,0.0513066314160824,0.236298456788063,2017
422,Iran,Middle East and Northern Africa,108,4.69199991226196,1.15687310695648,0.711551249027252,0.639333188533783,0.249322608113289,0.048761073499918,0.387242913246155,2017
423,Albania,Central and Eastern Europe,109,4.64400005340576,0.996192753314972,0.803685247898102,0.731159746646881,0.381498634815216,0.0398642159998417,0.201312944293022,2017
424,Bangladesh,Southern Asia,110,4.60799980163574,0.586682975292206,0.735131740570068,0.533241033554077,0.478356659412384,0.123717859387398,0.172255352139473,2017
425,Namibia,,111,4.57399988174438,0.964434325695038,1.0984708070755,0.33861181139946,0.520303547382355,0.0931469723582268,0.0771337449550629,2017
426,Kenya,Sub-Saharan Africa,112,4.55299997329712,0.560479462146759,1.06795072555542,0.309988349676132,0.452763766050339,0.0646413192152977,0.444860309362411,2017
427,Mozambique,Sub-Saharan Africa,113,4.55000019073486,0.234305649995804,0.870701014995575,0.106654435396194,0.480791091918945,0.179436385631561,0.322228103876114,2017
428,Myanmar,Southeastern Asia,114,4.54500007629395,0.367110550403595,1.12323594093323,0.397522568702698,0.514492034912109,0.188816204667091,0.838075160980225,2017
429,Senegal,Sub-Saharan Africa,115,4.53499984741211,0.479309022426605,1.17969191074371,0.409362852573395,0.377922266721725,0.115460447967052,0.183468893170357,2017
430,Zambia,Sub-Saharan Africa,116,4.51399993896484,0.636406779289246,1.00318729877472,0.257835894823074,0.461603492498398,0.0782135501503944,0.249580144882202,2017
431,Iraq,Middle East and Northern Africa,117,4.49700021743774,1.10271048545837,0.978613197803497,0.501180469989777,0.288555532693863,0.107215754687786,0.19963726401329,2017
432,Gabon,Sub-Saharan Africa,118,4.46500015258789,1.1982102394104,1.1556202173233,0.356578588485718,0.312328577041626,0.0760467872023582,0.0437853783369064,2017
433,Ethiopia,Sub-Saharan Africa,119,4.46000003814697,0.339233845472336,0.86466920375824,0.353409707546234,0.408842742443085,0.165455713868141,0.312650740146637,2017
434,Sri Lanka,Southern Asia,120,4.44000005722046,1.00985014438629,1.25997638702393,0.625130832195282,0.561213254928589,0.0736539661884308,0.490863561630249,2017
435,Armenia,Central and Eastern Europe,121,4.37599992752075,0.900596737861633,1.00748372077942,0.637524425983429,0.198303267359734,0.0266744215041399,0.0834880918264389,2017
436,India,Southern Asia,122,4.31500005722046,0.792221248149872,0.754372596740723,0.455427616834641,0.469987004995346,0.0922268852591515,0.231538489460945,2017
437,Mauritania,Sub-Saharan Africa,123,4.29199981689453,0.648457288742065,1.2720308303833,0.285349279642105,0.0960980430245399,0.136957004666328,0.201870024204254,2017
438,Congo (Brazzaville),Sub-Saharan Africa,124,4.29099988937378,0.808964252471924,0.832044363021851,0.28995743393898,0.435025870800018,0.0796181336045265,0.120852127671242,2017
439,Georgia,Central and Eastern Europe,125,4.28599977493286,0.950612664222717,0.57061493396759,0.649546980857849,0.309410035610199,0.251666635274887,0.0540088154375553,2017
440,Congo (Kinshasa),Sub-Saharan Africa,126,4.28000020980835,0.0921023488044739,1.22902345657349,0.191407024860382,0.235961347818375,0.0602413564920425,0.246455833315849,2017
441,Mali,Sub-Saharan Africa,127,4.19000005722046,0.476180493831635,1.28147339820862,0.169365674257278,0.306613743305206,0.104970246553421,0.183354198932648,2017
442,Ivory Coast,Sub-Saharan Africa,128,4.17999982833862,0.603048920631409,0.904780030250549,0.0486421696841717,0.447706192731857,0.130061775445938,0.201237469911575,2017
443,Cambodia,Southeastern Asia,129,4.16800022125244,0.601765096187592,1.00623834133148,0.429783403873444,0.633375823497772,0.0681059509515762,0.385922968387604,2017
444,Sudan,Sub-Saharan Africa,130,4.13899993896484,0.65951669216156,1.21400856971741,0.290920823812485,0.0149958552792668,0.089847519993782,0.182317450642586,2017
445,Ghana,Sub-Saharan Africa,131,4.11999988555908,0.667224824428558,0.873664736747742,0.295637726783752,0.423026293516159,0.0253363698720932,0.256923943758011,2017
446,Ukraine,Central and Eastern Europe,132,4.09600019454956,0.89465194940567,1.39453756809235,0.575903952121735,0.122974775731564,0.0230294708162546,0.270061463117599,2017
447,Uganda,Sub-Saharan Africa,133,4.08099985122681,0.381430715322495,1.12982773780823,0.217632606625557,0.443185955286026,0.057069718837738,0.325766056776047,2017
448,Burkina Faso,Sub-Saharan Africa,134,4.03200006484985,0.3502277135849,1.04328000545502,0.215844258666039,0.324367851018906,0.120328105986118,0.250864684581757,2017
449,Niger,Sub-Saharan Africa,135,4.02799987792969,0.161925330758095,0.993025004863739,0.26850500702858,0.36365869641304,0.138572946190834,0.228673845529556,2017
450,Malawi,Sub-Saharan Africa,136,3.97000002861023,0.233442038297653,0.512568831443787,0.315089583396912,0.466914653778076,0.0727116540074348,0.287170469760895,2017
451,Chad,Sub-Saharan Africa,137,3.93600010871887,0.438012987375259,0.953855872154236,0.0411347150802612,0.16234202682972,0.0535818822681904,0.216113850474358,2017
452,Zimbabwe,Sub-Saharan Africa,138,3.875,0.375846534967422,1.08309590816498,0.196763753890991,0.336384207010269,0.0953753814101219,0.189143493771553,2017
453,Lesotho,Sub-Saharan Africa,139,3.80800008773804,0.521021246910095,1.19009518623352,0.0,0.390661299228668,0.119094640016556,0.157497271895409,2017
454,Angola,Sub-Saharan Africa,140,3.79500007629395,0.858428180217743,1.10441195964813,0.0498686656355858,0.0,0.0697203353047371,0.097926490008831,2017
455,Afghanistan,Southern Asia,141,3.79399991035461,0.401477217674255,0.581543326377869,0.180746778845787,0.106179520487785,0.0611578300595284,0.311870932579041,2017
456,Botswana,Sub-Saharan Africa,142,3.76600003242493,1.12209415435791,1.22155499458313,0.341755509376526,0.505196332931519,0.0985831990838051,0.0993484482169151,2017
457,Benin,Sub-Saharan Africa,143,3.65700006484985,0.431085407733917,0.435299843549728,0.209930211305618,0.425962775945663,0.0609290152788162,0.207948461174965,2017
458,Madagascar,Sub-Saharan Africa,144,3.64400005340576,0.305808693170547,0.913020372390747,0.375223308801651,0.189196765422821,0.0672319754958153,0.208732530474663,2017
459,Haiti,Latin America and Caribbean,145,3.6029999256134,0.368610262870789,0.640449821949005,0.277321130037308,0.0303698573261499,0.0998721495270729,0.489203780889511,2017
460,Yemen,Middle East and Northern Africa,146,3.59299993515015,0.591683447360992,0.93538224697113,0.310080915689468,0.249463722109795,0.0567674227058887,0.104125209152699,2017
461,South Sudan,,147,3.59100008010864,0.39724862575531,0.601323127746582,0.163486003875732,0.147062435746193,0.116793513298035,0.285670816898346,2017
462,Liberia,Sub-Saharan Africa,148,3.53299999237061,0.119041793048382,0.872117936611176,0.229918196797371,0.332881182432175,0.0389482490718365,0.26654988527298,2017
463,Guinea,Sub-Saharan Africa,149,3.50699996948242,0.244549930095673,0.791244685649872,0.194129139184952,0.348587512969971,0.110937617719173,0.264815092086792,2017
464,Togo,Sub-Saharan Africa,150,3.49499988555908,0.305444717407227,0.431882530450821,0.247105568647385,0.38042613863945,0.0956650152802467,0.196896150708199,2017
465,Rwanda,Sub-Saharan Africa,151,3.47099995613098,0.368745893239975,0.945707023143768,0.326424807310104,0.581843852996826,0.455220013856888,0.252756029367447,2017
466,Syria,Middle East and Northern Africa,152,3.46199989318848,0.777153134346008,0.396102607250214,0.50053334236145,0.0815394446253777,0.151347130537033,0.493663728237152,2017
467,Tanzania,Sub-Saharan Africa,153,3.34899997711182,0.511135876178741,1.04198980331421,0.364509284496307,0.390017777681351,0.0660351067781448,0.354256361722946,2017
468,Burundi,Sub-Saharan Africa,154,2.90499997138977,0.091622568666935,0.629793584346771,0.151610791683197,0.0599007532000542,0.0841479450464249,0.204435184597969,2017
469,Central African Republic,Sub-Saharan Africa,155,2.69300007820129,0.0,0.0,0.0187726859003305,0.270842045545578,0.0565650761127472,0.280876487493515,2017
470,Finland,Western Europe,1,7.632,1.305,1.592,0.874,0.681,0.393,0.202,2018
471,Norway,Western Europe,2,7.594,1.456,1.582,0.861,0.686,0.34,0.286,2018
472,Denmark,Western Europe,3,7.555,1.351,1.59,0.868,0.683,0.408,0.284,2018
473,Iceland,Western Europe,4,7.495,1.343,1.644,0.914,0.677,0.138,0.353,2018
474,Switzerland,Western Europe,5,7.487,1.42,1.549,0.927,0.66,0.357,0.256,2018
475,Netherlands,Western Europe,6,7.441,1.361,1.488,0.878,0.638,0.295,0.333,2018
476,Canada,North America,7,7.328,1.33,1.532,0.896,0.653,0.291,0.321,2018
477,New Zealand,Australia and New Zealand,8,7.324,1.268,1.601,0.876,0.669,0.389,0.365,2018
478,Sweden,Western Europe,9,7.314,1.355,1.501,0.913,0.659,0.383,0.285,2018
479,Australia,Australia and New Zealand,10,7.272,1.34,1.573,0.91,0.647,0.302,0.361,2018
480,United Kingdom,Western Europe,11,7.19,1.244,1.433,0.888,0.464,0.082,0.262,2018
481,Austria,Western Europe,12,7.139,1.341,1.504,0.891,0.617,0.224,0.242,2018
482,Costa Rica,Latin America and Caribbean,13,7.072,1.01,1.459,0.817,0.632,0.101,0.143,2018
483,Ireland,Western Europe,14,6.977,1.448,1.583,0.876,0.614,0.306,0.307,2018
484,Germany,Western Europe,15,6.965,1.34,1.474,0.861,0.586,0.28,0.273,2018
485,Belgium,Western Europe,16,6.927,1.324,1.483,0.894,0.583,0.24,0.188,2018
486,Luxembourg,Western Europe,17,6.91,1.576,1.52,0.896,0.632,0.321,0.196,2018
487,United States,North America,18,6.886,1.398,1.471,0.819,0.547,0.133,0.291,2018
488,Israel,Middle East and Northern Africa,19,6.814,1.301,1.559,0.883,0.533,0.272,0.354,2018
489,United Arab Emirates,Middle East and Northern Africa,20,6.774,2.096,0.776,0.67,0.284,0.112,0.186,2018
490,Czech Republic,Central and Eastern Europe,21,6.711,1.233,1.489,0.854,0.543,0.034,0.064,2018
491,Malta,Western Europe,22,6.627,1.27,1.525,0.884,0.645,0.142,0.376,2018
492,France,Western Europe,23,6.489,1.293,1.466,0.908,0.52,0.176,0.098,2018
493,Mexico,Latin America and Caribbean,24,6.488,1.038,1.252,0.761,0.479,0.095,0.069,2018
494,Chile,Latin America and Caribbean,25,6.476,1.131,1.331,0.808,0.431,0.061,0.197,2018
495,Taiwan,Eastern Asia,26,6.441,1.365,1.436,0.857,0.418,0.078,0.151,2018
496,Panama,Latin America and Caribbean,27,6.43,1.112,1.438,0.759,0.597,0.063,0.125,2018
497,Brazil,Latin America and Caribbean,28,6.419,0.986,1.474,0.675,0.493,0.088,0.11,2018
498,Argentina,Latin America and Caribbean,29,6.388,1.073,1.468,0.744,0.57,0.054,0.062,2018
499,Guatemala,Latin America and Caribbean,30,6.382,0.781,1.268,0.608,0.604,0.071,0.179,2018
500,Uruguay,Latin America and Caribbean,31,6.379,1.093,1.459,0.771,0.625,0.155,0.13,2018
501,Qatar,Middle East and Northern Africa,32,6.374,1.649,1.303,0.748,0.654,0.171,0.256,2018
502,Saudi Arabia,Middle East and Northern Africa,33,6.371,1.379,1.331,0.633,0.509,0.127,0.098,2018
503,Singapore,Southeastern Asia,34,6.343,1.529,1.451,1.008,0.631,0.457,0.261,2018
504,Malaysia,Southeastern Asia,35,6.322,1.161,1.258,0.669,0.356,0.059,0.311,2018
505,Spain,Western Europe,36,6.31,1.251,1.538,0.965,0.449,0.074,0.142,2018
506,Colombia,Latin America and Caribbean,37,6.26,0.96,1.439,0.635,0.531,0.039,0.099,2018
507,Trinidad & Tobago,,38,6.192,1.223,1.492,0.564,0.575,0.019,0.171,2018
508,Slovakia,Central and Eastern Europe,39,6.173,1.21,1.537,0.776,0.354,0.014,0.118,2018
509,El Salvador,Latin America and Caribbean,40,6.167,0.806,1.231,0.639,0.461,0.082,0.065,2018
510,Nicaragua,Latin America and Caribbean,41,6.141,0.668,1.319,0.7,0.527,0.128,0.208,2018
511,Poland,Central and Eastern Europe,42,6.123,1.176,1.448,0.781,0.546,0.064,0.108,2018
512,Bahrain,Middle East and Northern Africa,43,6.105,1.338,1.366,0.698,0.594,0.123,0.243,2018
513,Uzbekistan,Central and Eastern Europe,44,6.096,0.719,1.584,0.605,0.724,0.259,0.328,2018
514,Kuwait,Middle East and Northern Africa,45,6.083,1.474,1.301,0.675,0.554,0.106,0.167,2018
515,Thailand,Southeastern Asia,46,6.072,1.016,1.417,0.707,0.637,0.029,0.364,2018
516,Italy,Western Europe,47,6.0,1.264,1.501,0.946,0.281,0.028,0.137,2018
517,Ecuador,Latin America and Caribbean,48,5.973,0.889,1.33,0.736,0.556,0.12,0.114,2018
518,Belize,,49,5.956,0.807,1.101,0.474,0.593,0.089,0.183,2018
519,Lithuania,Central and Eastern Europe,50,5.952,1.197,1.527,0.716,0.35,0.006,0.026,2018
520,Slovenia,Central and Eastern Europe,51,5.948,1.219,1.506,0.856,0.633,0.051,0.16,2018
521,Romania,Central and Eastern Europe,52,5.945,1.116,1.219,0.726,0.528,0.001,0.088,2018
522,Latvia,Central and Eastern Europe,53,5.933,1.148,1.454,0.671,0.363,0.066,0.092,2018
523,Japan,Eastern Asia,54,5.915,1.294,1.462,0.988,0.553,0.15,0.079,2018
524,Mauritius,Sub-Saharan Africa,55,5.891,1.09,1.387,0.684,0.584,0.05,0.245,2018
525,Jamaica,Latin America and Caribbean,56,5.89,0.819,1.493,0.693,0.575,0.031,0.096,2018
526,South Korea,Eastern Asia,57,5.875,1.266,1.204,0.955,0.244,0.051,0.175,2018
527,Northern Cyprus,,58,5.835,1.229,1.211,0.909,0.495,0.154,0.179,2018
528,Russia,Central and Eastern Europe,59,5.81,1.151,1.479,0.599,0.399,0.025,0.065,2018
529,Kazakhstan,Central and Eastern Europe,60,5.79,1.143,1.516,0.631,0.454,0.121,0.148,2018
530,Cyprus,Western Europe,61,5.762,1.229,1.191,0.909,0.423,0.035,0.202,2018
531,Bolivia,Latin America and Caribbean,62,5.752,0.751,1.223,0.508,0.606,0.054,0.141,2018
532,Estonia,Central and Eastern Europe,63,5.739,1.2,1.532,0.737,0.553,0.174,0.086,2018
533,Paraguay,Latin America and Caribbean,64,5.681,0.835,1.522,0.615,0.541,0.074,0.162,2018
534,Peru,Latin America and Caribbean,65,5.663,0.934,1.249,0.674,0.53,0.034,0.092,2018
535,Kosovo,Central and Eastern Europe,66,5.662,0.855,1.23,0.578,0.448,0.023,0.274,2018
536,Moldova,Central and Eastern Europe,67,5.64,0.657,1.301,0.62,0.232,0.0,0.171,2018
537,Turkmenistan,Central and Eastern Europe,68,5.636,1.016,1.533,0.517,0.417,0.037,0.199,2018
538,Hungary,Central and Eastern Europe,69,5.62,1.171,1.401,0.732,0.259,0.022,0.061,2018
539,Libya,Middle East and Northern Africa,70,5.566,0.985,1.35,0.553,0.496,0.148,0.116,2018
540,Philippines,Southeastern Asia,71,5.524,0.775,1.312,0.513,0.643,0.105,0.12,2018
541,Honduras,Latin America and Caribbean,72,5.504,0.62,1.205,0.622,0.459,0.074,0.197,2018
542,Belarus,Central and Eastern Europe,73,5.483,1.039,1.498,0.7,0.307,0.154,0.101,2018
543,Turkey,Middle East and Northern Africa,74,5.483,1.148,1.38,0.686,0.324,0.109,0.106,2018
544,Pakistan,Southern Asia,75,5.472,0.652,0.81,0.424,0.334,0.113,0.216,2018
545,Hong Kong,Eastern Asia,76,5.43,1.405,1.29,1.03,0.524,0.291,0.246,2018
546,Portugal,Western Europe,77,5.41,1.188,1.429,0.884,0.562,0.017,0.055,2018
547,Serbia,Central and Eastern Europe,78,5.398,0.975,1.369,0.685,0.288,0.043,0.134,2018
548,Greece,Western Europe,79,5.358,1.154,1.202,0.879,0.131,0.044,0.0,2018
549,Lebanon,Middle East and Northern Africa,80,5.358,0.965,1.179,0.785,0.503,0.136,0.214,2018
550,Montenegro,Central and Eastern Europe,81,5.347,1.017,1.279,0.729,0.259,0.081,0.111,2018
551,Croatia,Central and Eastern Europe,82,5.321,1.115,1.161,0.737,0.38,0.039,0.12,2018
552,Dominican Republic,Latin America and Caribbean,83,5.302,0.982,1.441,0.614,0.578,0.106,0.12,2018
553,Algeria,Middle East and Northern Africa,84,5.295,0.979,1.154,0.687,0.077,0.135,0.055,2018
554,Morocco,Middle East and Northern Africa,85,5.254,0.779,0.797,0.669,0.46,0.074,0.026,2018
555,China,Eastern Asia,86,5.246,0.989,1.142,0.799,0.597,0.103,0.029,2018
556,Azerbaijan,Central and Eastern Europe,87,5.201,1.024,1.161,0.603,0.43,0.176,0.031,2018
557,Tajikistan,Central and Eastern Europe,88,5.199,0.474,1.166,0.598,0.292,0.034,0.187,2018
558,Macedonia,Central and Eastern Europe,89,5.185,0.959,1.239,0.691,0.394,0.052,0.173,2018
559,Jordan,Middle East and Northern Africa,90,5.161,0.822,1.265,0.645,0.468,0.134,0.13,2018
560,Nigeria,Sub-Saharan Africa,91,5.155,0.689,1.172,0.048,0.462,0.032,0.201,2018
561,Kyrgyzstan,Central and Eastern Europe,92,5.131,0.53,1.416,0.594,0.54,0.035,0.281,2018
562,Bosnia and Herzegovina,Central and Eastern Europe,93,5.129,0.915,1.078,0.758,0.28,0.0,0.216,2018
563,Mongolia,Eastern Asia,94,5.125,0.914,1.517,0.575,0.395,0.032,0.253,2018
564,Vietnam,Southeastern Asia,95,5.103,0.715,1.365,0.702,0.618,0.079,0.177,2018
565,Indonesia,Southeastern Asia,96,5.093,0.899,1.215,0.522,0.538,0.018,0.484,2018
566,Bhutan,Southern Asia,97,5.082,0.796,1.335,0.527,0.541,0.171,0.364,2018
567,Somalia,,98,4.982,0.0,0.712,0.115,0.674,0.282,0.238,2018
568,Cameroon,Sub-Saharan Africa,99,4.975,0.535,0.891,0.182,0.454,0.043,0.183,2018
569,Bulgaria,Central and Eastern Europe,100,4.933,1.054,1.515,0.712,0.359,0.009,0.064,2018
570,Nepal,Southern Asia,101,4.88,0.425,1.228,0.539,0.526,0.078,0.302,2018
571,Venezuela,Latin America and Caribbean,102,4.806,0.996,1.469,0.657,0.133,0.052,0.056,2018
572,Gabon,Sub-Saharan Africa,103,4.758,1.036,1.164,0.404,0.356,0.052,0.032,2018
573,Palestinian Territories,Middle East and Northern Africa,104,4.743,0.642,1.217,0.602,0.266,0.076,0.086,2018
574,South Africa,Sub-Saharan Africa,105,4.724,0.94,1.41,0.33,0.516,0.056,0.103,2018
575,Iran,Middle East and Northern Africa,106,4.707,1.059,0.771,0.691,0.459,0.129,0.282,2018
576,Ivory Coast,Sub-Saharan Africa,107,4.671,0.541,0.872,0.08,0.467,0.103,0.146,2018
577,Ghana,Sub-Saharan Africa,108,4.657,0.592,0.896,0.337,0.499,0.029,0.212,2018
578,Senegal,Sub-Saharan Africa,109,4.631,0.429,1.117,0.433,0.406,0.082,0.138,2018
579,Laos,Southeastern Asia,110,4.623,0.72,1.034,0.441,0.626,0.174,0.23,2018
580,Tunisia,Middle East and Northern Africa,111,4.592,0.9,0.906,0.69,0.271,0.063,0.04,2018
581,Albania,Central and Eastern Europe,112,4.586,0.916,0.817,0.79,0.419,0.032,0.149,2018
582,Sierra Leone,Sub-Saharan Africa,113,4.571,0.256,0.813,0.0,0.355,0.053,0.238,2018
583,Congo (Brazzaville),Sub-Saharan Africa,114,4.559,0.682,0.811,0.343,0.514,0.077,0.091,2018
584,Bangladesh,Southern Asia,115,4.5,0.532,0.85,0.579,0.58,0.144,0.153,2018
585,Sri Lanka,Southern Asia,116,4.471,0.918,1.314,0.672,0.585,0.05,0.307,2018
586,Iraq,Middle East and Northern Africa,117,4.456,1.01,0.971,0.536,0.304,0.095,0.148,2018
587,Mali,Sub-Saharan Africa,118,4.447,0.37,1.233,0.152,0.367,0.056,0.139,2018
588,Namibia,,119,4.441,0.874,1.281,0.365,0.519,0.064,0.051,2018
589,Cambodia,Southeastern Asia,120,4.433,0.549,1.088,0.457,0.696,0.065,0.256,2018
590,Burkina Faso,Sub-Saharan Africa,121,4.424,0.314,1.097,0.254,0.312,0.128,0.175,2018
591,Egypt,Middle East and Northern Africa,122,4.419,0.885,1.025,0.553,0.312,0.107,0.092,2018
592,Mozambique,Sub-Saharan Africa,123,4.417,0.198,0.902,0.173,0.531,0.158,0.206,2018
593,Kenya,Sub-Saharan Africa,124,4.41,0.493,1.048,0.454,0.504,0.055,0.352,2018
594,Zambia,Sub-Saharan Africa,125,4.377,0.562,1.047,0.295,0.503,0.082,0.221,2018
595,Mauritania,Sub-Saharan Africa,126,4.356,0.557,1.245,0.292,0.129,0.093,0.134,2018
596,Ethiopia,Sub-Saharan Africa,127,4.35,0.308,0.95,0.391,0.452,0.146,0.22,2018
597,Georgia,Central and Eastern Europe,128,4.34,0.853,0.592,0.643,0.375,0.215,0.038,2018
598,Armenia,Central and Eastern Europe,129,4.321,0.816,0.99,0.666,0.26,0.028,0.077,2018
599,Myanmar,Southeastern Asia,130,4.308,0.682,1.174,0.429,0.58,0.178,0.598,2018
600,Chad,Sub-Saharan Africa,131,4.301,0.358,0.907,0.053,0.189,0.06,0.181,2018
601,Congo (Kinshasa),Sub-Saharan Africa,132,4.245,0.069,1.136,0.204,0.312,0.052,0.197,2018
602,India,Southern Asia,133,4.19,0.721,0.747,0.485,0.539,0.093,0.172,2018
603,Niger,Sub-Saharan Africa,134,4.166,0.131,0.867,0.221,0.39,0.099,0.175,2018
604,Uganda,Sub-Saharan Africa,135,4.161,0.322,1.09,0.237,0.45,0.061,0.259,2018
605,Benin,Sub-Saharan Africa,136,4.141,0.378,0.372,0.24,0.44,0.067,0.163,2018
606,Sudan,Sub-Saharan Africa,137,4.139,0.605,1.24,0.312,0.016,0.082,0.134,2018
607,Ukraine,Central and Eastern Europe,138,4.103,0.793,1.413,0.609,0.163,0.011,0.187,2018
608,Togo,Sub-Saharan Africa,139,3.999,0.259,0.474,0.253,0.434,0.101,0.158,2018
609,Guinea,Sub-Saharan Africa,140,3.964,0.344,0.792,0.211,0.394,0.094,0.185,2018
610,Lesotho,Sub-Saharan Africa,141,3.808,0.472,1.215,0.079,0.423,0.112,0.116,2018
611,Angola,Sub-Saharan Africa,142,3.795,0.73,1.125,0.269,0.0,0.061,0.079,2018
612,Madagascar,Sub-Saharan Africa,143,3.774,0.262,0.908,0.402,0.221,0.049,0.155,2018
613,Zimbabwe,Sub-Saharan Africa,144,3.692,0.357,1.094,0.248,0.406,0.099,0.132,2018
614,Afghanistan,Southern Asia,145,3.632,0.332,0.537,0.255,0.085,0.036,0.191,2018
615,Botswana,Sub-Saharan Africa,146,3.59,1.017,1.174,0.417,0.557,0.092,0.042,2018
616,Malawi,Sub-Saharan Africa,147,3.587,0.186,0.541,0.306,0.531,0.08,0.21,2018
617,Haiti,Latin America and Caribbean,148,3.582,0.315,0.714,0.289,0.025,0.104,0.392,2018
618,Liberia,Sub-Saharan Africa,149,3.495,0.076,0.858,0.267,0.419,0.03,0.206,2018
619,Syria,Middle East and Northern Africa,150,3.462,0.689,0.382,0.539,0.088,0.144,0.376,2018
620,Rwanda,Sub-Saharan Africa,151,3.408,0.332,0.896,0.4,0.636,0.444,0.2,2018
621,Yemen,Middle East and Northern Africa,152,3.355,0.442,1.073,0.343,0.244,0.064,0.083,2018
622,Tanzania,Sub-Saharan Africa,153,3.303,0.455,0.991,0.381,0.481,0.097,0.27,2018
623,South Sudan,,154,3.254,0.337,0.608,0.177,0.112,0.106,0.224,2018
624,Central African Republic,Sub-Saharan Africa,155,3.083,0.024,0.0,0.01,0.305,0.038,0.218,2018
625,Burundi,Sub-Saharan Africa,156,2.905,0.091,0.627,0.145,0.065,0.076,0.149,2018
626,Finland,Western Europe,1,7.769,1.34,1.587,0.986,0.596,0.393,0.153,2019
627,Denmark,Western Europe,2,7.6,1.383,1.573,0.996,0.592,0.41,0.252,2019
628,Norway,Western Europe,3,7.554,1.488,1.582,1.028,0.603,0.341,0.271,2019
629,Iceland,Western Europe,4,7.494,1.38,1.624,1.026,0.591,0.118,0.354,2019
630,Netherlands,Western Europe,5,7.488,1.396,1.522,0.999,0.557,0.298,0.322,2019
631,Switzerland,Western Europe,6,7.48,1.452,1.526,1.052,0.572,0.343,0.263,2019
632,Sweden,Western Europe,7,7.343,1.387,1.487,1.009,0.574,0.373,0.267,2019
633,New Zealand,Australia and New Zealand,8,7.307,1.303,1.557,1.026,0.585,0.38,0.33,2019
634,Canada,North America,9,7.278,1.365,1.505,1.039,0.584,0.308,0.285,2019
635,Austria,Western Europe,10,7.246,1.376,1.475,1.016,0.532,0.226,0.244,2019
636,Australia,Australia and New Zealand,11,7.228,1.372,1.548,1.036,0.557,0.29,0.332,2019
637,Costa Rica,Latin America and Caribbean,12,7.167,1.034,1.441,0.963,0.558,0.093,0.144,2019
638,Israel,Middle East and Northern Africa,13,7.139,1.276,1.455,1.029,0.371,0.082,0.261,2019
639,Luxembourg,Western Europe,14,7.09,1.609,1.479,1.012,0.526,0.316,0.194,2019
640,United Kingdom,Western Europe,15,7.054,1.333,1.538,0.996,0.45,0.278,0.348,2019
641,Ireland,Western Europe,16,7.021,1.499,1.553,0.999,0.516,0.31,0.298,2019
642,Germany,Western Europe,17,6.985,1.373,1.454,0.987,0.495,0.265,0.261,2019
643,Belgium,Western Europe,18,6.923,1.356,1.504,0.986,0.473,0.21,0.16,2019
644,United States,North America,19,6.892,1.433,1.457,0.874,0.454,0.128,0.28,2019
645,Czech Republic,Central and Eastern Europe,20,6.852,1.269,1.487,0.92,0.457,0.036,0.046,2019
646,United Arab Emirates,Middle East and Northern Africa,21,6.825,1.503,1.31,0.825,0.598,0.182,0.262,2019
647,Malta,Western Europe,22,6.726,1.3,1.52,0.999,0.564,0.151,0.375,2019
648,Mexico,Latin America and Caribbean,23,6.595,1.07,1.323,0.861,0.433,0.073,0.074,2019
649,France,Western Europe,24,6.592,1.324,1.472,1.045,0.436,0.183,0.111,2019
650,Taiwan,Eastern Asia,25,6.446,1.368,1.43,0.914,0.351,0.097,0.242,2019
651,Chile,Latin America and Caribbean,26,6.444,1.159,1.369,0.92,0.357,0.056,0.187,2019
652,Guatemala,Latin America and Caribbean,27,6.436,0.8,1.269,0.746,0.535,0.078,0.175,2019
653,Saudi Arabia,Middle East and Northern Africa,28,6.375,1.403,1.357,0.795,0.439,0.132,0.08,2019
654,Qatar,Middle East and Northern Africa,29,6.374,1.684,1.313,0.871,0.555,0.167,0.22,2019
655,Spain,Western Europe,30,6.354,1.286,1.484,1.062,0.362,0.079,0.153,2019
656,Panama,Latin America and Caribbean,31,6.321,1.149,1.442,0.91,0.516,0.054,0.109,2019
657,Brazil,Latin America and Caribbean,32,6.3,1.004,1.439,0.802,0.39,0.086,0.099,2019
658,Uruguay,Latin America and Caribbean,33,6.293,1.124,1.465,0.891,0.523,0.15,0.127,2019
659,Singapore,Southeastern Asia,34,6.262,1.572,1.463,1.141,0.556,0.453,0.271,2019
660,El Salvador,Latin America and Caribbean,35,6.253,0.794,1.242,0.789,0.43,0.074,0.093,2019
661,Italy,Western Europe,36,6.223,1.294,1.488,1.039,0.231,0.03,0.158,2019
662,Bahrain,Middle East and Northern Africa,37,6.199,1.362,1.368,0.871,0.536,0.11,0.255,2019
663,Slovakia,Central and Eastern Europe,38,6.198,1.246,1.504,0.881,0.334,0.014,0.121,2019
664,Trinidad & Tobago,,39,6.192,1.231,1.477,0.713,0.489,0.016,0.185,2019
665,Poland,Central and Eastern Europe,40,6.182,1.206,1.438,0.884,0.483,0.05,0.117,2019
666,Uzbekistan,Central and Eastern Europe,41,6.174,0.745,1.529,0.756,0.631,0.24,0.322,2019
667,Lithuania,Central and Eastern Europe,42,6.149,1.238,1.515,0.818,0.291,0.042,0.043,2019
668,Colombia,Latin America and Caribbean,43,6.125,0.985,1.41,0.841,0.47,0.034,0.099,2019
669,Slovenia,Central and Eastern Europe,44,6.118,1.258,1.523,0.953,0.564,0.057,0.144,2019
670,Nicaragua,Latin America and Caribbean,45,6.105,0.694,1.325,0.835,0.435,0.127,0.2,2019
671,Kosovo,Central and Eastern Europe,46,6.1,0.882,1.232,0.758,0.489,0.006,0.262,2019
672,Argentina,Latin America and Caribbean,47,6.086,1.092,1.432,0.881,0.471,0.05,0.066,2019
673,Romania,Central and Eastern Europe,48,6.07,1.162,1.232,0.825,0.462,0.005,0.083,2019
674,Cyprus,Western Europe,49,6.046,1.263,1.223,1.042,0.406,0.041,0.19,2019
675,Ecuador,Latin America and Caribbean,50,6.028,0.912,1.312,0.868,0.498,0.087,0.126,2019
676,Kuwait,Middle East and Northern Africa,51,6.021,1.5,1.319,0.808,0.493,0.097,0.142,2019
677,Thailand,Southeastern Asia,52,6.008,1.05,1.409,0.828,0.557,0.028,0.359,2019
678,Latvia,Central and Eastern Europe,53,5.94,1.187,1.465,0.812,0.264,0.064,0.075,2019
679,South Korea,Eastern Asia,54,5.895,1.301,1.219,1.036,0.159,0.056,0.175,2019
680,Estonia,Central and Eastern Europe,55,5.893,1.237,1.528,0.874,0.495,0.161,0.103,2019
681,Jamaica,Latin America and Caribbean,56,5.89,0.831,1.478,0.831,0.49,0.028,0.107,2019
682,Mauritius,Sub-Saharan Africa,57,5.888,1.12,1.402,0.798,0.498,0.06,0.215,2019
683,Japan,Eastern Asia,58,5.886,1.327,1.419,1.088,0.445,0.14,0.069,2019
684,Honduras,Latin America and Caribbean,59,5.86,0.642,1.236,0.828,0.507,0.078,0.246,2019
685,Kazakhstan,Central and Eastern Europe,60,5.809,1.173,1.508,0.729,0.41,0.096,0.146,2019
686,Bolivia,Latin America and Caribbean,61,5.779,0.776,1.209,0.706,0.511,0.064,0.137,2019
687,Hungary,Central and Eastern Europe,62,5.758,1.201,1.41,0.828,0.199,0.02,0.081,2019
688,Paraguay,Latin America and Caribbean,63,5.743,0.855,1.475,0.777,0.514,0.08,0.184,2019
689,Northern Cyprus,,64,5.718,1.263,1.252,1.042,0.417,0.162,0.191,2019
690,Peru,Latin America and Caribbean,65,5.697,0.96,1.274,0.854,0.455,0.027,0.083,2019
691,Portugal,Western Europe,66,5.693,1.221,1.431,0.999,0.508,0.025,0.047,2019
692,Pakistan,Southern Asia,67,5.653,0.677,0.886,0.535,0.313,0.098,0.22,2019
693,Russia,Central and Eastern Europe,68,5.648,1.183,1.452,0.726,0.334,0.031,0.082,2019
694,Philippines,Southeastern Asia,69,5.631,0.807,1.293,0.657,0.558,0.107,0.117,2019
695,Serbia,Central and Eastern Europe,70,5.603,1.004,1.383,0.854,0.282,0.039,0.137,2019
696,Moldova,Central and Eastern Europe,71,5.529,0.685,1.328,0.739,0.245,0.0,0.181,2019
697,Libya,Middle East and Northern Africa,72,5.525,1.044,1.303,0.673,0.416,0.152,0.133,2019
698,Montenegro,Central and Eastern Europe,73,5.523,1.051,1.361,0.871,0.197,0.08,0.142,2019
699,Tajikistan,Central and Eastern Europe,74,5.467,0.493,1.098,0.718,0.389,0.144,0.23,2019
700,Croatia,Central and Eastern Europe,75,5.432,1.155,1.266,0.914,0.296,0.022,0.119,2019
701,Hong Kong,Eastern Asia,76,5.43,1.438,1.277,1.122,0.44,0.287,0.258,2019
702,Dominican Republic,Latin America and Caribbean,77,5.425,1.015,1.401,0.779,0.497,0.101,0.113,2019
703,Bosnia and Herzegovina,Central and Eastern Europe,78,5.386,0.945,1.212,0.845,0.212,0.006,0.263,2019
704,Turkey,Middle East and Northern Africa,79,5.373,1.183,1.36,0.808,0.195,0.106,0.083,2019
705,Malaysia,Southeastern Asia,80,5.339,1.221,1.171,0.828,0.508,0.024,0.26,2019
706,Belarus,Central and Eastern Europe,81,5.323,1.067,1.465,0.789,0.235,0.142,0.094,2019
707,Greece,Western Europe,82,5.287,1.181,1.156,0.999,0.067,0.034,0.0,2019
708,Mongolia,Eastern Asia,83,5.285,0.948,1.531,0.667,0.317,0.038,0.235,2019
709,North Macedonia,,84,5.274,0.983,1.294,0.838,0.345,0.034,0.185,2019
710,Nigeria,Sub-Saharan Africa,85,5.265,0.696,1.111,0.245,0.426,0.041,0.215,2019
711,Kyrgyzstan,Central and Eastern Europe,86,5.261,0.551,1.438,0.723,0.508,0.023,0.3,2019
712,Turkmenistan,Central and Eastern Europe,87,5.247,1.052,1.538,0.657,0.394,0.028,0.244,2019
713,Algeria,Middle East and Northern Africa,88,5.211,1.002,1.16,0.785,0.086,0.114,0.073,2019
714,Morocco,Middle East and Northern Africa,89,5.208,0.801,0.782,0.782,0.418,0.076,0.036,2019
715,Azerbaijan,Central and Eastern Europe,90,5.208,1.043,1.147,0.769,0.351,0.182,0.035,2019
716,Lebanon,Middle East and Northern Africa,91,5.197,0.987,1.224,0.815,0.216,0.027,0.166,2019
717,Indonesia,Southeastern Asia,92,5.192,0.931,1.203,0.66,0.491,0.028,0.498,2019
718,China,Eastern Asia,93,5.191,1.029,1.125,0.893,0.521,0.1,0.058,2019
719,Vietnam,Southeastern Asia,94,5.175,0.741,1.346,0.851,0.543,0.073,0.147,2019
720,Bhutan,Southern Asia,95,5.082,0.813,1.321,0.604,0.457,0.167,0.37,2019
721,Cameroon,Sub-Saharan Africa,96,5.044,0.549,0.91,0.331,0.381,0.037,0.187,2019
722,Bulgaria,Central and Eastern Europe,97,5.011,1.092,1.513,0.815,0.311,0.004,0.081,2019
723,Ghana,Sub-Saharan Africa,98,4.996,0.611,0.868,0.486,0.381,0.04,0.245,2019
724,Ivory Coast,Sub-Saharan Africa,99,4.944,0.569,0.808,0.232,0.352,0.09,0.154,2019
725,Nepal,Southern Asia,100,4.913,0.446,1.226,0.677,0.439,0.089,0.285,2019
726,Jordan,Middle East and Northern Africa,101,4.906,0.837,1.225,0.815,0.383,0.13,0.11,2019
727,Benin,Sub-Saharan Africa,102,4.883,0.393,0.437,0.397,0.349,0.082,0.175,2019
728,Congo (Brazzaville),Sub-Saharan Africa,103,4.812,0.673,0.799,0.508,0.372,0.093,0.105,2019
729,Gabon,Sub-Saharan Africa,104,4.799,1.057,1.183,0.571,0.295,0.055,0.043,2019
730,Laos,Southeastern Asia,105,4.796,0.764,1.03,0.551,0.547,0.164,0.266,2019
731,South Africa,Sub-Saharan Africa,106,4.722,0.96,1.351,0.469,0.389,0.055,0.13,2019
732,Albania,Central and Eastern Europe,107,4.719,0.947,0.848,0.874,0.383,0.027,0.178,2019
733,Venezuela,Latin America and Caribbean,108,4.707,0.96,1.427,0.805,0.154,0.047,0.064,2019
734,Cambodia,Southeastern Asia,109,4.7,0.574,1.122,0.637,0.609,0.062,0.232,2019
735,Palestinian Territories,Middle East and Northern Africa,110,4.696,0.657,1.247,0.672,0.225,0.066,0.103,2019
736,Senegal,Sub-Saharan Africa,111,4.681,0.45,1.134,0.571,0.292,0.072,0.153,2019
737,Somalia,,112,4.668,0.0,0.698,0.268,0.559,0.27,0.243,2019
738,Namibia,,113,4.639,0.879,1.313,0.477,0.401,0.056,0.07,2019
739,Niger,Sub-Saharan Africa,114,4.628,0.138,0.774,0.366,0.318,0.102,0.188,2019
740,Burkina Faso,Sub-Saharan Africa,115,4.587,0.331,1.056,0.38,0.255,0.113,0.177,2019
741,Armenia,Central and Eastern Europe,116,4.559,0.85,1.055,0.815,0.283,0.064,0.095,2019
742,Iran,Middle East and Northern Africa,117,4.548,1.1,0.842,0.785,0.305,0.125,0.27,2019
743,Guinea,Sub-Saharan Africa,118,4.534,0.38,0.829,0.375,0.332,0.086,0.207,2019
744,Georgia,Central and Eastern Europe,119,4.519,0.886,0.666,0.752,0.346,0.164,0.043,2019
745,Gambia,,120,4.516,0.308,0.939,0.428,0.382,0.167,0.269,2019
746,Kenya,Sub-Saharan Africa,121,4.509,0.512,0.983,0.581,0.431,0.053,0.372,2019
747,Mauritania,Sub-Saharan Africa,122,4.49,0.57,1.167,0.489,0.066,0.088,0.106,2019
748,Mozambique,Sub-Saharan Africa,123,4.466,0.204,0.986,0.39,0.494,0.138,0.197,2019
749,Tunisia,Middle East and Northern Africa,124,4.461,0.921,1.0,0.815,0.167,0.055,0.059,2019
750,Bangladesh,Southern Asia,125,4.456,0.562,0.928,0.723,0.527,0.143,0.166,2019
751,Iraq,Middle East and Northern Africa,126,4.437,1.043,0.98,0.574,0.241,0.089,0.148,2019
752,Congo (Kinshasa),Sub-Saharan Africa,127,4.418,0.094,1.125,0.357,0.269,0.053,0.212,2019
753,Mali,Sub-Saharan Africa,128,4.39,0.385,1.105,0.308,0.327,0.052,0.153,2019
754,Sierra Leone,Sub-Saharan Africa,129,4.374,0.268,0.841,0.242,0.309,0.045,0.252,2019
755,Sri Lanka,Southern Asia,130,4.366,0.949,1.265,0.831,0.47,0.047,0.244,2019
756,Myanmar,Southeastern Asia,131,4.36,0.71,1.181,0.555,0.525,0.172,0.566,2019
757,Chad,Sub-Saharan Africa,132,4.35,0.35,0.766,0.192,0.174,0.078,0.198,2019
758,Ukraine,Central and Eastern Europe,133,4.332,0.82,1.39,0.739,0.178,0.01,0.187,2019
759,Ethiopia,Sub-Saharan Africa,134,4.286,0.336,1.033,0.532,0.344,0.1,0.209,2019
760,Swaziland,Sub-Saharan Africa,135,4.212,0.811,1.149,0.0,0.313,0.135,0.074,2019
761,Uganda,Sub-Saharan Africa,136,4.189,0.332,1.069,0.443,0.356,0.06,0.252,2019
762,Egypt,Middle East and Northern Africa,137,4.166,0.913,1.039,0.644,0.241,0.067,0.076,2019
763,Zambia,Sub-Saharan Africa,138,4.107,0.578,1.058,0.426,0.431,0.087,0.247,2019
764,Togo,Sub-Saharan Africa,139,4.085,0.275,0.572,0.41,0.293,0.085,0.177,2019
765,India,Southern Asia,140,4.015,0.755,0.765,0.588,0.498,0.085,0.2,2019
766,Liberia,Sub-Saharan Africa,141,3.975,0.073,0.922,0.443,0.37,0.033,0.233,2019
767,Comoros,Sub-Saharan Africa,142,3.973,0.274,0.757,0.505,0.142,0.078,0.275,2019
768,Madagascar,Sub-Saharan Africa,143,3.933,0.274,0.916,0.555,0.148,0.041,0.169,2019
769,Lesotho,Sub-Saharan Africa,144,3.802,0.489,1.169,0.168,0.359,0.093,0.107,2019
770,Burundi,Sub-Saharan Africa,145,3.775,0.046,0.447,0.38,0.22,0.18,0.176,2019
771,Zimbabwe,Sub-Saharan Africa,146,3.663,0.366,1.114,0.433,0.361,0.089,0.151,2019
772,Haiti,Latin America and Caribbean,147,3.597,0.323,0.688,0.449,0.026,0.11,0.419,2019
773,Botswana,Sub-Saharan Africa,148,3.488,1.041,1.145,0.538,0.455,0.1,0.025,2019
774,Syria,Middle East and Northern Africa,149,3.462,0.619,0.378,0.44,0.013,0.141,0.331,2019
775,Malawi,Sub-Saharan Africa,150,3.41,0.191,0.56,0.495,0.443,0.089,0.218,2019
776,Yemen,Middle East and Northern Africa,151,3.38,0.287,1.163,0.463,0.143,0.077,0.108,2019
777,Rwanda,Sub-Saharan Africa,152,3.334,0.359,0.711,0.614,0.555,0.411,0.217,2019
778,Tanzania,Sub-Saharan Africa,153,3.231,0.476,0.885,0.499,0.417,0.147,0.276,2019
779,Afghanistan,Southern Asia,154,3.203,0.35,0.517,0.361,0.0,0.025,0.158,2019
780,Central African Republic,Sub-Saharan Africa,155,3.083,0.026,0.0,0.105,0.225,0.035,0.235,2019
781,South Sudan,,156,2.853,0.306,0.575,0.295,0.01,0.091,0.202,2019
